userid,num_rows,num_attempts,mean_score_pct,median_score_pct,num_quizzes_taken,avg_time_spent_seconds,total_events,unique_courses,first_activity,last_activity,num_views,num_reports,active_days,events_per_day,engagement_score,consistency_score,performance_category,cluster,ml_cluster
10824,0.0,0.0,0.0,0.0,0.0,0.0,2.0,1.0,2024-11-05 11:54:13,2024-11-12 12:00:01,0.0,0.0,7.0,0.29,9.0,0.29,Low,0,0
10829,0.0,0.0,0.0,0.0,0.0,0.0,2.0,1.0,2024-11-05 11:56:00,2024-11-12 12:00:02,0.0,0.0,7.0,0.29,9.0,0.29,Low,0,0
12228,0.0,0.0,0.0,0.0,0.0,0.0,2.0,1.0,2024-11-05 16:10:54,2024-11-12 16:30:03,0.0,0.0,7.0,0.29,9.0,0.29,Low,0,0
12239,0.0,0.0,0.0,0.0,0.0,0.0,2.0,1.0,2024-11-05 16:14:55,2024-11-12 16:30:03,0.0,0.0,7.0,0.29,9.0,0.29,Low,0,0
13460,0.0,0.0,0.0,0.0,0.0,0.0,5.0,1.0,2024-10-27 23:57:42,2025-01-14 21:19:31,0.0,0.0,78.0,0.06,83.0,0.06,Low,0,0
14275,0.0,0.0,0.0,0.0,0.0,0.0,45.0,1.0,2024-09-21 17:46:54,2025-01-18 21:58:28,0.0,0.0,119.0,0.38,164.0,0.38,Low,0,0
14428,0.0,0.0,0.0,0.0,0.0,0.0,9.0,1.0,2024-10-01 19:18:51,2025-01-14 21:19:32,0.0,0.0,105.0,0.09,114.0,0.09,Low,0,0
14675,0.0,0.0,0.0,0.0,0.0,0.0,39.0,1.0,2024-09-30 21:21:28,2025-01-18 15:30:52,0.0,0.0,109.0,0.36,148.0,0.36,Low,0,0
14708,0.0,0.0,0.0,0.0,0.0,0.0,2.0,1.0,2024-11-06 03:19:44,2024-11-13 03:30:03,0.0,0.0,7.0,0.29,9.0,0.29,Low,0,0
14828,0.0,0.0,0.0,0.0,0.0,0.0,11.0,1.0,2024-10-04 14:47:12,2025-01-14 21:19:32,0.0,0.0,102.0,0.11,113.0,0.11,Low,0,0
15017,0.0,0.0,0.0,0.0,0.0,0.0,2.0,1.0,2024-11-06 05:13:32,2024-11-13 05:30:02,0.0,0.0,7.0,0.29,9.0,0.29,Low,0,0
15159,0.0,0.0,0.0,0.0,0.0,0.0,31.0,1.0,2024-09-27 11:55:40,2025-01-18 22:01:51,0.0,0.0,113.0,0.27,144.0,0.27,Low,0,0
16589,0.0,0.0,0.0,0.0,0.0,0.0,2.0,1.0,2024-11-06 10:13:18,2024-11-13 10:30:03,0.0,0.0,7.0,0.29,9.0,0.29,Low,0,0
17682,0.0,0.0,0.0,0.0,0.0,0.0,2.0,1.0,2024-11-06 13:28:32,2024-11-13 13:30:05,0.0,0.0,7.0,0.29,9.0,0.29,Low,0,0
17915,0.0,0.0,0.0,0.0,0.0,0.0,1.0,1.0,2025-01-14 20:48:27,2025-01-14 20:48:27,0.0,0.0,0.0,1.0,1.0,1.0,Low,0,0
17996,0.0,0.0,0.0,0.0,0.0,0.0,2.0,1.0,2024-11-06 14:19:23,2024-11-13 14:30:03,0.0,0.0,7.0,0.29,9.0,0.29,Low,0,0
18167,35.0,0.0,0.0,0.0,0.0,-1733126435.0,13376.0,84.0,2024-09-15 20:48:51,2025-09-09 10:39:13,865.0,0.0,358.0,37.36,14599.0,37.36,Low,0,0
18985,0.0,0.0,0.0,0.0,0.0,0.0,2.0,1.0,2024-11-06 18:14:47,2024-11-13 18:30:03,0.0,0.0,7.0,0.29,9.0,0.29,Low,0,0
19212,0.0,0.0,0.0,0.0,0.0,0.0,2.0,1.0,2024-11-06 19:32:06,2024-11-13 20:00:02,0.0,0.0,7.0,0.29,9.0,0.29,Low,0,0
20675,0.0,0.0,0.0,0.0,0.0,0.0,2.0,1.0,2024-11-07 04:45:14,2024-11-14 05:00:02,0.0,0.0,7.0,0.29,9.0,0.29,Low,0,0
21668,0.0,0.0,0.0,0.0,0.0,0.0,2.0,1.0,2024-11-07 18:58:20,2024-11-14 19:00:02,0.0,0.0,7.0,0.29,9.0,0.29,Low,0,0
22296,0.0,0.0,0.0,0.0,0.0,0.0,2.0,1.0,2024-11-08 13:19:35,2024-11-15 13:30:02,0.0,0.0,7.0,0.29,9.0,0.29,Low,0,0
22297,0.0,0.0,0.0,0.0,0.0,0.0,2.0,1.0,2024-11-08 13:21:32,2024-11-15 13:30:02,0.0,0.0,7.0,0.29,9.0,0.29,Low,0,0
22298,0.0,0.0,0.0,0.0,0.0,0.0,2.0,1.0,2024-11-08 13:23:47,2024-11-15 13:30:02,0.0,0.0,7.0,0.29,9.0,0.29,Low,0,0
22307,0.0,0.0,0.0,0.0,0.0,0.0,2.0,1.0,2024-11-08 14:07:02,2024-11-15 14:30:02,0.0,0.0,7.0,0.29,9.0,0.29,Low,0,0
22308,0.0,0.0,0.0,0.0,0.0,0.0,2.0,1.0,2024-11-08 14:09:25,2024-11-15 14:30:02,0.0,0.0,7.0,0.29,9.0,0.29,Low,0,0
22309,0.0,0.0,0.0,0.0,0.0,0.0,2.0,1.0,2024-11-08 14:12:10,2024-11-15 14:30:02,0.0,0.0,7.0,0.29,9.0,0.29,Low,0,0
22317,0.0,0.0,0.0,0.0,0.0,0.0,2.0,1.0,2024-11-08 14:24:36,2024-11-15 14:30:02,0.0,0.0,7.0,0.29,9.0,0.29,Low,0,0
22321,0.0,0.0,0.0,0.0,0.0,0.0,2.0,1.0,2024-11-08 14:32:01,2024-11-15 15:00:01,0.0,0.0,7.0,0.29,9.0,0.29,Low,0,0
22343,0.0,0.0,0.0,0.0,0.0,0.0,2.0,1.0,2024-11-08 15:09:25,2024-11-15 15:30:02,0.0,0.0,7.0,0.29,9.0,0.29,Low,0,0
22361,0.0,0.0,0.0,0.0,0.0,0.0,2.0,1.0,2024-11-08 17:54:51,2024-11-15 18:00:01,0.0,0.0,7.0,0.29,9.0,0.29,Low,0,0
22362,0.0,0.0,0.0,0.0,0.0,0.0,2.0,1.0,2024-11-08 17:59:39,2024-11-15 18:00:01,0.0,0.0,7.0,0.29,9.0,0.29,Low,0,0
22367,0.0,0.0,0.0,0.0,0.0,0.0,2.0,1.0,2024-11-08 18:13:32,2024-11-15 18:30:01,0.0,0.0,7.0,0.29,9.0,0.29,Low,0,0
22378,0.0,0.0,0.0,0.0,0.0,0.0,2.0,1.0,2024-11-08 18:25:35,2024-11-15 18:30:02,0.0,0.0,7.0,0.29,9.0,0.29,Low,0,0
22379,0.0,0.0,0.0,0.0,0.0,0.0,2.0,1.0,2024-11-08 18:26:57,2024-11-15 18:30:02,0.0,0.0,7.0,0.29,9.0,0.29,Low,0,0
22380,0.0,0.0,0.0,0.0,0.0,0.0,2.0,1.0,2024-11-08 18:28:38,2024-11-15 18:30:02,0.0,0.0,7.0,0.29,9.0,0.29,Low,0,0
22386,0.0,0.0,0.0,0.0,0.0,0.0,2.0,1.0,2024-11-08 18:48:37,2024-11-15 19:00:01,0.0,0.0,7.0,0.29,9.0,0.29,Low,0,0
22390,0.0,0.0,0.0,0.0,0.0,0.0,2.0,1.0,2024-11-08 18:52:11,2024-11-15 19:00:01,0.0,0.0,7.0,0.29,9.0,0.29,Low,0,0
22391,0.0,0.0,0.0,0.0,0.0,0.0,2.0,1.0,2024-11-08 18:53:10,2024-11-15 19:00:01,0.0,0.0,7.0,0.29,9.0,0.29,Low,0,0
22399,0.0,0.0,0.0,0.0,0.0,0.0,2.0,1.0,2024-11-08 19:24:02,2024-11-15 19:30:02,0.0,0.0,7.0,0.29,9.0,0.29,Low,0,0
22400,0.0,0.0,0.0,0.0,0.0,0.0,2.0,1.0,2024-11-08 19:29:55,2024-11-15 19:30:02,0.0,0.0,7.0,0.29,9.0,0.29,Low,0,0
22401,0.0,0.0,0.0,0.0,0.0,0.0,2.0,1.0,2024-11-08 19:45:28,2024-11-15 20:00:02,0.0,0.0,7.0,0.29,9.0,0.29,Low,0,0
22864,0.0,0.0,0.0,0.0,0.0,0.0,2.0,1.0,2024-11-09 17:22:26,2024-11-16 17:30:03,0.0,0.0,7.0,0.29,9.0,0.29,Low,0,0
22865,0.0,0.0,0.0,0.0,0.0,0.0,2.0,1.0,2024-11-09 17:22:47,2024-11-16 17:30:03,0.0,0.0,7.0,0.29,9.0,0.29,Low,0,0
22901,0.0,0.0,0.0,0.0,0.0,0.0,2.0,1.0,2024-11-09 18:51:17,2024-11-16 19:00:02,0.0,0.0,7.0,0.29,9.0,0.29,Low,0,0
22917,0.0,0.0,0.0,0.0,0.0,0.0,2.0,1.0,2024-11-09 19:05:02,2024-11-16 19:30:02,0.0,0.0,7.0,0.29,9.0,0.29,Low,0,0
23449,0.0,0.0,0.0,0.0,0.0,0.0,2.0,1.0,2024-11-10 18:14:43,2024-11-17 18:30:01,0.0,0.0,7.0,0.29,9.0,0.29,Low,0,0
23450,0.0,0.0,0.0,0.0,0.0,0.0,2.0,1.0,2024-11-10 18:16:25,2024-11-17 18:30:01,0.0,0.0,7.0,0.29,9.0,0.29,Low,0,0
23451,0.0,0.0,0.0,0.0,0.0,0.0,2.0,1.0,2024-11-10 18:18:29,2024-11-17 18:30:01,0.0,0.0,7.0,0.29,9.0,0.29,Low,0,0
23494,0.0,0.0,0.0,0.0,0.0,0.0,2.0,1.0,2024-11-10 23:44:02,2024-11-18 00:01:01,0.0,0.0,7.0,0.29,9.0,0.29,Low,0,0
23495,0.0,0.0,0.0,0.0,0.0,0.0,2.0,1.0,2024-11-11 00:18:06,2024-11-18 00:30:01,0.0,0.0,7.0,0.29,9.0,0.29,Low,0,0
23498,0.0,0.0,0.0,0.0,0.0,0.0,2.0,1.0,2024-11-11 09:17:25,2024-11-18 09:30:03,0.0,0.0,7.0,0.29,9.0,0.29,Low,0,0
23499,0.0,0.0,0.0,0.0,0.0,0.0,2.0,1.0,2024-11-11 09:20:31,2024-11-18 09:30:03,0.0,0.0,7.0,0.29,9.0,0.29,Low,0,0
23500,0.0,0.0,0.0,0.0,0.0,0.0,2.0,1.0,2024-11-11 09:22:27,2024-11-18 09:30:03,0.0,0.0,7.0,0.29,9.0,0.29,Low,0,0
23501,0.0,0.0,0.0,0.0,0.0,0.0,2.0,1.0,2024-11-11 09:24:48,2024-11-18 09:30:03,0.0,0.0,7.0,0.29,9.0,0.29,Low,0,0
23503,0.0,0.0,0.0,0.0,0.0,0.0,2.0,1.0,2024-11-11 09:29:30,2024-11-18 09:30:03,0.0,0.0,7.0,0.29,9.0,0.29,Low,0,0
23506,0.0,0.0,0.0,0.0,0.0,0.0,2.0,1.0,2024-11-11 15:58:16,2024-11-18 16:00:01,0.0,0.0,7.0,0.29,9.0,0.29,Low,0,0
23508,0.0,0.0,0.0,0.0,0.0,0.0,2.0,1.0,2024-11-11 18:37:50,2024-11-18 19:00:02,0.0,0.0,7.0,0.29,9.0,0.29,Low,0,0
23509,0.0,0.0,0.0,0.0,0.0,0.0,2.0,1.0,2024-11-11 18:58:39,2024-11-18 19:00:02,0.0,0.0,7.0,0.29,9.0,0.29,Low,0,0
23914,56.0,0.0,0.0,0.0,0.0,-1729921836.0,25921.0,79.0,2024-09-12 18:58:35,2025-09-27 12:24:38,2742.0,0.0,379.0,68.39,29042.0,68.39,Low,1,1
24102,0.0,0.0,0.0,0.0,0.0,0.0,111.0,23.0,2024-09-24 09:46:50,2025-07-14 12:27:21,95.0,0.0,293.0,0.38,499.0,0.38,Low,0,0
24251,30.0,0.0,0.0,0.0,0.0,0.0,22.0,4.0,2025-05-05 11:53:43,2025-05-05 11:57:44,10.0,0.0,0.0,22.0,32.0,22.0,Low,0,0
24442,0.0,0.0,0.0,0.0,0.0,0.0,2.0,1.0,2024-11-15 13:31:32,2024-11-22 14:00:02,0.0,0.0,7.0,0.29,9.0,0.29,Low,0,0
24443,0.0,0.0,0.0,0.0,0.0,0.0,2.0,1.0,2024-11-15 13:33:35,2024-11-22 14:00:02,0.0,0.0,7.0,0.29,9.0,0.29,Low,0,0
24444,0.0,0.0,0.0,0.0,0.0,0.0,2.0,1.0,2024-11-15 13:44:16,2024-11-22 14:00:02,0.0,0.0,7.0,0.29,9.0,0.29,Low,0,0
24449,0.0,0.0,0.0,0.0,0.0,0.0,2.0,1.0,2024-11-15 13:51:20,2024-11-22 14:00:02,0.0,0.0,7.0,0.29,9.0,0.29,Low,0,0
24504,0.0,0.0,0.0,0.0,0.0,0.0,2.0,1.0,2024-11-15 14:16:00,2024-11-22 14:30:02,0.0,0.0,7.0,0.29,9.0,0.29,Low,0,0
24519,0.0,0.0,0.0,0.0,0.0,0.0,2.0,1.0,2024-11-15 14:27:11,2024-11-22 14:30:03,0.0,0.0,7.0,0.29,9.0,0.29,Low,0,0
24541,0.0,0.0,0.0,0.0,0.0,0.0,2.0,1.0,2024-11-15 14:39:27,2024-11-22 15:00:02,0.0,0.0,7.0,0.29,9.0,0.29,Low,0,0
24542,0.0,0.0,0.0,0.0,0.0,0.0,2.0,1.0,2024-11-15 14:41:37,2024-11-22 15:00:02,0.0,0.0,7.0,0.29,9.0,0.29,Low,0,0
24572,0.0,0.0,0.0,0.0,0.0,0.0,2.0,1.0,2024-11-15 16:40:35,2024-11-22 17:00:02,0.0,0.0,7.0,0.29,9.0,0.29,Low,0,0
26023,0.0,0.0,0.0,0.0,0.0,0.0,2.0,1.0,2024-11-20 08:05:39,2024-11-27 08:30:02,0.0,0.0,7.0,0.29,9.0,0.29,Low,0,0
26089,0.0,0.0,0.0,0.0,0.0,0.0,2.0,1.0,2024-11-20 08:43:39,2024-11-27 09:00:03,0.0,0.0,7.0,0.29,9.0,0.29,Low,0,0
26242,0.0,0.0,0.0,0.0,0.0,0.0,2.0,1.0,2024-11-20 09:03:13,2024-11-27 09:30:02,0.0,0.0,7.0,0.29,9.0,0.29,Low,0,0
28095,0.0,0.0,0.0,0.0,0.0,0.0,2.0,1.0,2024-11-25 11:07:56,2024-12-02 11:30:02,0.0,0.0,7.0,0.29,9.0,0.29,Low,0,0
28097,0.0,0.0,0.0,0.0,0.0,0.0,2.0,1.0,2024-11-25 11:11:24,2024-12-02 11:30:02,0.0,0.0,7.0,0.29,9.0,0.29,Low,0,0
28098,0.0,0.0,0.0,0.0,0.0,0.0,2.0,1.0,2024-11-25 11:14:06,2024-12-02 11:30:02,0.0,0.0,7.0,0.29,9.0,0.29,Low,0,0
29041,0.0,0.0,0.0,0.0,0.0,0.0,2.0,1.0,2024-11-30 14:44:18,2024-12-07 15:00:02,0.0,0.0,7.0,0.29,9.0,0.29,Low,0,0
29042,0.0,0.0,0.0,0.0,0.0,0.0,2.0,1.0,2024-11-30 14:47:32,2024-12-07 15:00:02,0.0,0.0,7.0,0.29,9.0,0.29,Low,0,0
29043,0.0,0.0,0.0,0.0,0.0,0.0,2.0,1.0,2024-11-30 14:50:39,2024-12-07 15:00:02,0.0,0.0,7.0,0.29,9.0,0.29,Low,0,0
29044,0.0,0.0,0.0,0.0,0.0,0.0,2.0,1.0,2024-11-30 15:04:50,2024-12-07 15:30:02,0.0,0.0,7.0,0.29,9.0,0.29,Low,0,0
29045,0.0,0.0,0.0,0.0,0.0,0.0,2.0,1.0,2024-11-30 15:07:28,2024-12-07 15:30:02,0.0,0.0,7.0,0.29,9.0,0.29,Low,0,0
29046,0.0,0.0,0.0,0.0,0.0,0.0,2.0,1.0,2024-11-30 15:09:55,2024-12-07 15:30:02,0.0,0.0,7.0,0.29,9.0,0.29,Low,0,0
29047,0.0,0.0,0.0,0.0,0.0,0.0,2.0,1.0,2024-11-30 15:12:26,2024-12-07 15:30:02,0.0,0.0,7.0,0.29,9.0,0.29,Low,0,0
31000,0.0,0.0,0.0,0.0,0.0,0.0,2.0,1.0,2024-09-16 22:42:36,2024-11-03 08:34:29,0.0,0.0,47.0,0.04,49.0,0.04,Low,0,0
31513,0.0,0.0,0.0,0.0,0.0,0.0,2.0,1.0,2024-12-17 09:29:29,2024-12-24 09:30:02,0.0,0.0,7.0,0.29,9.0,0.29,Low,0,0
32168,0.0,0.0,0.0,0.0,0.0,0.0,4.0,1.0,2025-01-14 20:47:20,2025-01-19 23:57:37,0.0,0.0,5.0,0.8,9.0,0.8,Low,0,0
32491,0.0,0.0,0.0,0.0,0.0,0.0,27.0,1.0,2024-10-04 18:07:14,2025-01-14 20:16:53,0.0,0.0,102.0,0.26,129.0,0.26,Low,0,0
34437,0.0,0.0,0.0,0.0,0.0,0.0,2.0,1.0,2025-01-01 18:28:43,2025-01-08 19:35:13,0.0,0.0,7.0,0.29,9.0,0.29,Low,0,0
34461,0.0,0.0,0.0,0.0,0.0,0.0,2.0,1.0,2025-01-01 19:33:53,2025-01-08 19:35:13,0.0,0.0,7.0,0.29,9.0,0.29,Low,0,0
34462,0.0,0.0,0.0,0.0,0.0,0.0,2.0,1.0,2025-01-01 19:34:22,2025-01-08 19:35:13,0.0,0.0,7.0,0.29,9.0,0.29,Low,0,0
34552,0.0,0.0,0.0,0.0,0.0,0.0,2.0,1.0,2025-01-02 03:42:25,2025-01-09 04:16:14,0.0,0.0,7.0,0.29,9.0,0.29,Low,0,0
34553,0.0,0.0,0.0,0.0,0.0,0.0,2.0,1.0,2025-01-02 03:45:09,2025-01-09 04:16:14,0.0,0.0,7.0,0.29,9.0,0.29,Low,0,0
34554,0.0,0.0,0.0,0.0,0.0,0.0,2.0,1.0,2025-01-02 03:48:19,2025-01-09 04:16:14,0.0,0.0,7.0,0.29,9.0,0.29,Low,0,0
34558,0.0,0.0,0.0,0.0,0.0,0.0,2.0,1.0,2025-01-02 03:58:00,2025-01-09 04:16:14,0.0,0.0,7.0,0.29,9.0,0.29,Low,0,0
34559,0.0,0.0,0.0,0.0,0.0,0.0,2.0,1.0,2025-01-02 03:58:13,2025-01-09 04:16:14,0.0,0.0,7.0,0.29,9.0,0.29,Low,0,0
34560,0.0,0.0,0.0,0.0,0.0,0.0,2.0,1.0,2025-01-02 04:01:40,2025-01-09 04:16:14,0.0,0.0,7.0,0.29,9.0,0.29,Low,0,0
34561,0.0,0.0,0.0,0.0,0.0,0.0,2.0,1.0,2025-01-02 04:04:33,2025-01-09 04:16:14,0.0,0.0,7.0,0.29,9.0,0.29,Low,0,0
34562,0.0,0.0,0.0,0.0,0.0,0.0,2.0,1.0,2025-01-02 04:04:48,2025-01-09 04:16:14,0.0,0.0,7.0,0.29,9.0,0.29,Low,0,0
34563,0.0,0.0,0.0,0.0,0.0,0.0,2.0,1.0,2025-01-02 04:04:49,2025-01-09 04:16:14,0.0,0.0,7.0,0.29,9.0,0.29,Low,0,0
34564,0.0,0.0,0.0,0.0,0.0,0.0,2.0,1.0,2025-01-02 04:04:50,2025-01-09 04:16:14,0.0,0.0,7.0,0.29,9.0,0.29,Low,0,0
34853,0.0,0.0,0.0,0.0,0.0,0.0,2.0,1.0,2025-01-03 21:55:20,2025-01-10 22:00:02,0.0,0.0,7.0,0.29,9.0,0.29,Low,0,0
34854,0.0,0.0,0.0,0.0,0.0,0.0,2.0,1.0,2025-01-03 21:56:12,2025-01-10 22:00:02,0.0,0.0,7.0,0.29,9.0,0.29,Low,0,0
34855,0.0,0.0,0.0,0.0,0.0,0.0,2.0,1.0,2025-01-03 21:58:37,2025-01-10 22:00:02,0.0,0.0,7.0,0.29,9.0,0.29,Low,0,0
34856,0.0,0.0,0.0,0.0,0.0,0.0,2.0,1.0,2025-01-03 22:01:17,2025-01-10 22:30:02,0.0,0.0,7.0,0.29,9.0,0.29,Low,0,0
34865,0.0,0.0,0.0,0.0,0.0,0.0,2.0,1.0,2025-01-07 18:47:34,2025-01-14 19:00:02,0.0,0.0,7.0,0.29,9.0,0.29,Low,0,0
34866,0.0,0.0,0.0,0.0,0.0,0.0,2.0,1.0,2025-01-07 18:47:39,2025-01-14 19:00:02,0.0,0.0,7.0,0.29,9.0,0.29,Low,0,0
34869,0.0,0.0,0.0,0.0,0.0,0.0,2.0,1.0,2025-01-07 18:48:01,2025-01-14 19:00:02,0.0,0.0,7.0,0.29,9.0,0.29,Low,0,0
34870,0.0,0.0,0.0,0.0,0.0,0.0,2.0,1.0,2025-01-07 18:49:50,2025-01-14 19:00:02,0.0,0.0,7.0,0.29,9.0,0.29,Low,0,0
34872,0.0,0.0,0.0,0.0,0.0,0.0,2.0,1.0,2025-01-07 18:50:24,2025-01-14 19:00:02,0.0,0.0,7.0,0.29,9.0,0.29,Low,0,0
34873,0.0,0.0,0.0,0.0,0.0,0.0,2.0,1.0,2025-01-07 18:50:30,2025-01-14 19:00:02,0.0,0.0,7.0,0.29,9.0,0.29,Low,0,0
34874,0.0,0.0,0.0,0.0,0.0,0.0,2.0,1.0,2025-01-07 18:50:33,2025-01-14 19:00:02,0.0,0.0,7.0,0.29,9.0,0.29,Low,0,0
34875,0.0,0.0,0.0,0.0,0.0,0.0,2.0,1.0,2025-01-07 18:50:35,2025-01-14 19:00:02,0.0,0.0,7.0,0.29,9.0,0.29,Low,0,0
34876,0.0,0.0,0.0,0.0,0.0,0.0,2.0,1.0,2025-01-07 18:50:37,2025-01-14 19:00:02,0.0,0.0,7.0,0.29,9.0,0.29,Low,0,0
34877,0.0,0.0,0.0,0.0,0.0,0.0,2.0,1.0,2025-01-07 18:50:39,2025-01-14 19:00:02,0.0,0.0,7.0,0.29,9.0,0.29,Low,0,0
34878,0.0,0.0,0.0,0.0,0.0,0.0,2.0,1.0,2025-01-07 18:50:44,2025-01-14 19:00:02,0.0,0.0,7.0,0.29,9.0,0.29,Low,0,0
34879,0.0,0.0,0.0,0.0,0.0,0.0,2.0,1.0,2025-01-07 18:52:38,2025-01-14 19:00:02,0.0,0.0,7.0,0.29,9.0,0.29,Low,0,0
34880,0.0,0.0,0.0,0.0,0.0,0.0,1.0,1.0,2025-01-14 19:00:02,2025-01-14 19:00:02,0.0,0.0,0.0,1.0,1.0,1.0,Low,0,0
34882,0.0,0.0,0.0,0.0,0.0,0.0,2.0,1.0,2025-01-08 01:21:41,2025-01-15 01:30:02,0.0,0.0,7.0,0.29,9.0,0.29,Low,0,0
34888,0.0,0.0,0.0,0.0,0.0,0.0,2.0,1.0,2025-01-08 01:23:43,2025-01-15 01:30:02,0.0,0.0,7.0,0.29,9.0,0.29,Low,0,0
34890,0.0,0.0,0.0,0.0,0.0,0.0,2.0,1.0,2025-01-08 01:24:05,2025-01-15 01:30:02,0.0,0.0,7.0,0.29,9.0,0.29,Low,0,0
34925,0.0,0.0,0.0,0.0,0.0,0.0,2.0,1.0,2025-01-08 01:43:14,2025-01-15 02:00:02,0.0,0.0,7.0,0.29,9.0,0.29,Low,0,0
34931,0.0,0.0,0.0,0.0,0.0,0.0,2.0,1.0,2025-01-08 02:11:48,2025-01-15 02:30:02,0.0,0.0,7.0,0.29,9.0,0.29,Low,0,0
34932,0.0,0.0,0.0,0.0,0.0,0.0,2.0,1.0,2025-01-08 02:16:06,2025-01-15 02:30:02,0.0,0.0,7.0,0.29,9.0,0.29,Low,0,0
34933,0.0,0.0,0.0,0.0,0.0,0.0,2.0,1.0,2025-01-08 02:18:13,2025-01-15 02:30:02,0.0,0.0,7.0,0.29,9.0,0.29,Low,0,0
34972,0.0,0.0,0.0,0.0,0.0,0.0,2.0,1.0,2025-01-08 20:43:42,2025-01-15 21:00:02,0.0,0.0,7.0,0.29,9.0,0.29,Low,0,0
34983,0.0,0.0,0.0,0.0,0.0,0.0,2.0,1.0,2025-01-08 22:23:18,2025-01-15 22:30:02,0.0,0.0,7.0,0.29,9.0,0.29,Low,0,0
35328,0.0,0.0,0.0,0.0,0.0,0.0,2.0,1.0,2025-01-09 08:14:08,2025-01-16 08:30:02,0.0,0.0,7.0,0.29,9.0,0.29,Low,0,0
35329,0.0,0.0,0.0,0.0,0.0,0.0,2.0,1.0,2025-01-09 08:14:25,2025-01-16 08:30:02,0.0,0.0,7.0,0.29,9.0,0.29,Low,0,0
35330,0.0,0.0,0.0,0.0,0.0,0.0,2.0,1.0,2025-01-09 08:14:31,2025-01-16 08:30:02,0.0,0.0,7.0,0.29,9.0,0.29,Low,0,0
35331,0.0,0.0,0.0,0.0,0.0,0.0,2.0,1.0,2025-01-09 08:16:20,2025-01-16 08:30:02,0.0,0.0,7.0,0.29,9.0,0.29,Low,0,0
35332,0.0,0.0,0.0,0.0,0.0,0.0,2.0,1.0,2025-01-09 08:18:18,2025-01-16 08:30:02,0.0,0.0,7.0,0.29,9.0,0.29,Low,0,0
41146,0.0,0.0,0.0,0.0,0.0,0.0,2772.0,1.0,2024-09-14 02:02:55,2025-10-31 15:19:32,4.0,0.0,412.0,6.73,3188.0,6.73,Low,0,0
53705,60.0,0.0,0.0,0.0,0.0,0.0,13888.0,90.0,2024-09-16 12:28:31,2025-05-05 11:43:26,960.0,0.0,230.0,60.38,15078.0,60.38,Low,0,0
54114,0.0,0.0,0.0,0.0,0.0,0.0,4.0,3.0,2025-01-01 20:04:36,2025-01-01 20:06:22,4.0,0.0,0.0,4.0,8.0,4.0,Low,0,0
63121,40.0,21.0,55.74,53.333333333333336,21.0,1425.4761904761904,2913.0,168.0,2024-10-06 17:37:09,2025-01-18 00:18:58,1437.0,0.0,103.0,28.28,4453.0,28.28,Low,2,2
63128,39.0,0.0,0.0,0.0,0.0,0.0,0.0,0.0,,,0.0,0.0,0.0,0.0,0.0,0.0,Low,0,0
63343,35.0,0.0,0.0,0.0,0.0,0.0,1715.0,46.0,2024-10-01 10:35:48,2025-03-19 22:10:56,1084.0,0.0,169.0,10.15,2968.0,10.15,Low,0,0
63541,40.0,5.0,51.79,67.48146666666666,5.0,1933.8,680.0,59.0,2024-09-28 16:52:49,2024-11-25 07:41:46,338.0,0.0,57.0,11.93,1075.0,11.93,Low,2,2
63668,39.0,1.0,70.0,70.0,1.0,6501.0,249.0,6.0,2024-09-14 16:07:50,2024-09-15 10:32:46,127.0,0.0,0.0,249.0,376.0,249.0,Medium,1,1
64245,39.0,1.0,61.67,61.66666666666667,1.0,6226.0,186.0,3.0,2024-09-17 19:47:06,2024-09-18 07:03:57,93.0,0.0,0.0,186.0,279.0,186.0,Medium,2,2
64738,17.0,0.0,0.0,0.0,0.0,0.0,3.0,1.0,2024-09-15 21:24:46,2024-09-15 21:25:44,3.0,0.0,0.0,3.0,6.0,3.0,Low,0,0
64894,30.0,0.0,0.0,0.0,0.0,0.0,0.0,0.0,,,0.0,0.0,0.0,0.0,0.0,0.0,Low,0,0
64991,17.0,0.0,0.0,0.0,0.0,0.0,1014.0,37.0,2024-10-07 10:28:25,2025-04-10 10:57:41,670.0,0.0,185.0,5.48,1869.0,5.48,Low,0,0
65107,40.0,2.0,23.61,23.611104166666667,2.0,5393.0,175.0,3.0,2024-09-16 20:36:05,2024-11-03 08:34:29,79.0,0.0,47.0,3.72,301.0,3.72,Low,0,0
65163,0.0,0.0,0.0,0.0,0.0,0.0,2.0,1.0,2025-04-21 10:55:22,2025-04-28 11:00:02,0.0,0.0,7.0,0.29,9.0,0.29,Low,0,0
65164,0.0,0.0,0.0,0.0,0.0,0.0,2.0,1.0,2025-04-21 10:56:15,2025-04-28 11:00:02,0.0,0.0,7.0,0.29,9.0,0.29,Low,0,0
65165,0.0,0.0,0.0,0.0,0.0,0.0,2.0,1.0,2025-04-21 10:59:25,2025-04-28 11:00:02,0.0,0.0,7.0,0.29,9.0,0.29,Low,0,0
65166,0.0,0.0,0.0,0.0,0.0,0.0,2.0,1.0,2025-04-21 11:00:45,2025-04-28 11:30:03,0.0,0.0,7.0,0.29,9.0,0.29,Low,0,0
65323,37.0,9.0,44.17,53.66666666666667,9.0,1946.6666666666667,1473.0,144.0,2024-10-11 19:40:04,2024-12-15 22:39:09,723.0,0.0,65.0,22.66,2261.0,22.66,Low,2,2
66168,34.0,0.0,0.0,0.0,0.0,0.0,1160.0,60.0,2024-09-23 16:58:57,2025-09-22 19:10:36,700.0,8.0,364.0,3.19,2224.0,3.19,Low,0,0
66254,30.0,0.0,0.0,0.0,0.0,0.0,2304.0,94.0,2024-10-11 16:22:57,2025-02-23 21:45:53,1756.0,0.0,135.0,17.07,4195.0,17.07,Low,0,0
66264,39.0,0.0,0.0,0.0,0.0,-1728314118.0,1533.0,31.0,2024-10-07 09:48:20,2025-02-21 20:21:34,1005.0,0.0,137.0,11.19,2675.0,11.19,Low,0,0
66745,53.0,8.0,77.03,80.0,8.0,2063.125,2415.0,137.0,2024-09-18 17:50:59,2024-12-03 15:58:22,1261.0,0.0,75.0,32.2,3751.0,32.2,Medium,2,2
69167,17.0,0.0,0.0,0.0,0.0,0.0,1118.0,60.0,2024-09-15 21:38:18,2024-11-25 00:33:55,577.0,0.0,70.0,15.97,1765.0,15.97,Low,0,0
73581,0.0,0.0,0.0,0.0,0.0,0.0,53.0,5.0,2024-11-05 09:47:39,2025-11-13 13:18:17,47.0,0.0,373.0,0.14,473.0,0.14,Low,0,0
76009,76.0,39.0,63.28,63.44446666666666,39.0,2277.435897435897,4212.0,186.0,2024-09-19 19:49:52,2025-02-05 09:20:05,2169.0,0.0,138.0,30.52,6519.0,30.52,Medium,3,3
76038,17.0,0.0,0.0,0.0,0.0,0.0,3513.0,189.0,2024-09-13 10:26:55,2025-01-20 10:06:07,1791.0,0.0,128.0,27.45,5432.0,27.45,Low,0,0
76081,17.0,0.0,0.0,0.0,0.0,0.0,2306.0,116.0,2024-09-15 12:17:59,2025-01-07 12:34:18,1191.0,0.0,114.0,20.23,3611.0,20.23,Low,0,0
76154,35.0,10.0,65.93,64.54208148148149,10.0,2248.5,1648.0,157.0,2024-09-21 07:34:50,2025-01-19 19:59:05,797.0,0.0,120.0,13.73,2565.0,13.73,Medium,2,2
76231,17.0,0.0,0.0,0.0,0.0,0.0,3314.0,143.0,2024-09-25 21:02:04,2025-01-10 08:47:04,1673.0,0.0,106.0,31.26,5093.0,31.26,Low,0,0
76244,39.0,3.0,68.31,71.11111111111111,3.0,2353.6666666666665,723.0,84.0,2024-09-15 10:51:39,2024-11-17 21:05:52,365.0,0.0,63.0,11.48,1151.0,11.48,Medium,2,2
76439,40.0,27.0,65.54,66.66666666666666,27.0,2119.555555555556,3943.0,195.0,2024-09-13 20:39:37,2025-01-19 21:15:01,2067.0,0.0,128.0,30.8,6138.0,30.8,Medium,2,2
76490,17.0,0.0,0.0,0.0,0.0,0.0,2050.0,84.0,2024-09-12 22:06:59,2025-01-13 20:05:08,1056.0,0.0,122.0,16.8,3228.0,16.8,Low,0,0
76521,40.0,18.0,83.47,89.44443333333334,18.0,2087.1666666666665,2699.0,174.0,2024-09-16 03:51:48,2025-01-20 17:22:22,1394.0,0.0,126.0,21.42,4219.0,21.42,High,2,2
76584,39.0,11.0,66.96,67.61906666666667,11.0,1504.909090909091,1614.0,111.0,2024-09-16 21:29:42,2025-01-12 22:38:51,828.0,0.0,118.0,13.68,2560.0,13.68,Medium,2,2
76698,39.0,0.0,0.0,0.0,0.0,0.0,0.0,0.0,,,0.0,0.0,0.0,0.0,0.0,0.0,Low,0,0
76739,35.0,18.0,81.43,80.0,18.0,2532.055555555556,4551.0,193.0,2024-09-13 09:19:40,2025-01-22 12:02:23,2641.0,0.0,131.0,34.74,7323.0,34.74,High,2,2
76767,48.0,13.0,65.92,71.55553333333333,13.0,2099.3846153846152,6817.0,207.0,2024-09-19 17:07:30,2025-01-19 20:32:49,3570.0,0.0,122.0,55.88,10509.0,55.88,Medium,1,1
76786,77.0,57.0,59.61,62.23251851851851,57.0,1876.8245614035088,8467.0,407.0,2024-09-26 20:38:59,2025-01-19 20:59:52,4349.0,0.0,115.0,73.63,12931.0,73.63,Low,3,3
76803,71.0,28.0,73.78,77.41113333333332,28.0,1828.821428571429,1846.0,153.0,2024-09-18 23:40:48,2025-01-22 07:24:23,993.0,0.0,125.0,14.77,2964.0,14.77,Medium,2,2
76910,69.0,0.0,0.0,0.0,0.0,0.0,23.0,8.0,2024-09-16 14:41:00,2024-11-09 18:58:11,16.0,0.0,54.0,0.43,93.0,0.43,Low,0,0
76943,39.0,18.0,54.38,56.25,18.0,2157.8888888888887,2468.0,225.0,2024-09-13 05:14:20,2025-02-02 16:34:20,1348.0,0.0,142.0,17.38,3958.0,17.38,Low,2,2
76963,38.0,21.0,47.21,50.0,21.0,1518.095238095238,2854.0,125.0,2024-09-16 09:49:54,2025-01-14 12:18:12,1487.0,0.0,120.0,23.78,4461.0,23.78,Low,2,2
78698,70.0,9.0,53.74,56.96966666666668,9.0,1834.111111111111,327.0,44.0,2024-09-16 09:00:14,2025-01-07 23:40:21,166.0,0.0,113.0,2.89,606.0,2.89,Low,2,2
80657,39.0,0.0,0.0,0.0,0.0,0.0,31.0,10.0,2024-10-14 14:21:13,2024-10-14 14:23:23,15.0,0.0,0.0,31.0,46.0,31.0,Low,0,0
81714,37.0,16.0,66.83,76.07701851851851,16.0,2514.5,2671.0,122.0,2024-09-19 18:50:58,2025-01-19 23:28:33,1376.0,0.0,122.0,21.89,4169.0,21.89,Medium,2,2
81895,47.0,1.0,42.22,42.2222,1.0,738.0,82.0,19.0,2024-09-21 20:22:37,2024-10-27 16:48:08,48.0,0.0,35.0,2.34,165.0,2.34,Low,2,2
82010,30.0,0.0,0.0,0.0,0.0,0.0,0.0,0.0,,,0.0,0.0,0.0,0.0,0.0,0.0,Low,0,0
91297,0.0,0.0,0.0,0.0,0.0,0.0,2.0,1.0,2024-11-19 17:18:27,2024-11-19 17:18:27,2.0,0.0,0.0,2.0,4.0,2.0,Low,0,0
91913,0.0,0.0,0.0,0.0,0.0,0.0,1.0,1.0,2025-01-08 10:41:08,2025-01-08 10:41:08,1.0,0.0,0.0,1.0,2.0,1.0,Low,0,0
95489,83.0,56.0,63.0,63.14956153846154,56.0,2529.5714285714284,8207.0,460.0,2024-09-20 07:27:22,2025-01-21 16:09:57,4306.0,0.0,123.0,66.72,12636.0,66.72,Medium,3,3
99597,69.0,4.0,38.36,39.444433333333336,4.0,931.5,752.0,148.0,2024-09-15 18:12:39,2025-01-19 23:57:40,315.0,0.0,126.0,5.97,1193.0,5.97,Low,2,2
103207,52.0,24.0,65.23,67.05553333333333,24.0,2236.0416666666665,8985.0,384.0,2024-09-17 18:54:27,2025-01-13 15:07:47,4752.0,0.0,117.0,76.79,13854.0,76.79,Medium,1,1
103787,0.0,0.0,0.0,0.0,0.0,0.0,3062.0,5.0,2024-11-05 08:59:26,2024-12-04 11:47:41,53.0,0.0,29.0,105.59,3144.0,105.59,Low,0,0
103788,0.0,0.0,0.0,0.0,0.0,0.0,7.0,3.0,2024-11-02 13:19:05,2024-11-11 11:18:54,7.0,0.0,8.0,0.88,22.0,0.88,Low,0,0
103855,58.0,31.0,54.46,54.16666666666666,31.0,2022.064516129032,12615.0,361.0,2024-09-16 15:05:23,2025-01-19 13:40:59,6658.0,0.0,124.0,101.73,19397.0,101.73,Low,1,1
103928,87.0,54.0,70.0,75.72223333333334,54.0,2640.925925925926,12120.0,371.0,2024-09-13 16:19:18,2025-01-17 15:39:01,6234.0,0.0,125.0,96.96,18479.0,96.96,Medium,1,1
103933,53.0,22.0,52.88,49.61110000000001,22.0,1971.3636363636365,9801.0,406.0,2024-09-13 19:03:07,2025-01-18 22:30:26,5687.0,0.0,127.0,77.17,15615.0,77.17,Low,1,1
103943,34.0,0.0,0.0,0.0,0.0,0.0,7819.0,65.0,2024-09-13 07:47:52,2025-02-17 17:19:46,723.0,0.0,157.0,49.8,8699.0,49.8,Low,0,0
104079,72.0,29.0,58.87,65.66666666666666,29.0,1145.551724137931,1714.0,84.0,2024-09-21 06:34:15,2025-01-17 23:32:51,921.0,0.0,118.0,14.53,2753.0,14.53,Low,2,2
104095,77.0,16.0,69.65,69.22223333333332,16.0,2466.4375,2616.0,120.0,2024-09-16 13:32:24,2025-01-18 12:05:04,1380.0,0.0,123.0,21.27,4119.0,21.27,Medium,2,2
104113,71.0,28.0,61.1,63.38889999999999,28.0,1366.678571428571,2332.0,126.0,2024-09-19 20:15:45,2025-01-22 16:45:12,1243.0,0.0,124.0,18.81,3699.0,18.81,Medium,2,2
104300,51.0,22.0,60.57,67.5,22.0,1999.090909090909,8509.0,325.0,2024-09-17 12:03:07,2025-01-17 13:04:27,4411.0,0.0,122.0,69.75,13042.0,69.75,Medium,1,1
104315,0.0,0.0,0.0,0.0,0.0,0.0,395.0,67.0,2024-09-18 08:34:54,2025-10-29 10:46:52,365.0,0.0,406.0,0.97,1166.0,0.97,Low,0,0
104401,88.0,59.0,64.12,69.61906666666667,59.0,1912.3898305084747,5170.0,191.0,2024-09-15 19:13:23,2025-02-11 20:06:26,2640.0,0.0,149.0,34.7,7959.0,34.7,Medium,3,3
104402,73.0,40.0,53.91,60.0,40.0,1294.95,5302.0,375.0,2024-09-19 10:18:39,2025-01-20 09:04:32,2758.0,0.0,122.0,43.46,8182.0,43.46,Low,3,3
104405,78.0,54.0,83.29,90.62963333333332,54.0,2239.8703703703704,7742.0,413.0,2024-09-16 10:25:05,2025-01-17 11:52:22,4512.0,0.0,123.0,62.94,12377.0,62.94,High,3,3
104406,75.0,35.0,60.2,64.28573333333334,35.0,1510.4,4828.0,307.0,2024-09-16 11:18:31,2025-01-11 09:38:04,2479.0,0.0,116.0,41.62,7423.0,41.62,Medium,3,3
104410,93.0,66.0,68.37,70.0926,66.0,2646.1666666666665,5749.0,190.0,2024-09-19 21:43:48,2025-01-19 10:33:51,3093.0,0.0,121.0,47.51,8963.0,47.51,Medium,3,3
104411,108.0,83.0,70.37,71.8788,83.0,2890.5180722891564,6342.0,203.0,2024-09-19 22:55:13,2025-01-21 22:38:00,3427.0,0.0,123.0,51.56,9892.0,51.56,Medium,3,3
104439,106.0,81.0,75.9,85.0,81.0,2473.962962962963,5661.0,204.0,2024-09-12 18:01:08,2025-01-19 20:42:10,2948.0,0.0,129.0,43.88,8738.0,43.88,Medium,3,3
104463,55.0,26.0,78.68,82.1111,26.0,1851.0,10861.0,367.0,2024-09-19 19:58:38,2025-01-28 15:59:19,5747.0,0.0,130.0,83.55,16738.0,83.55,Medium,1,1
104480,47.0,17.0,73.03,76.66666666666667,17.0,2259.4117647058824,7130.0,352.0,2024-09-19 21:18:39,2025-01-14 20:04:34,3641.0,0.0,116.0,61.47,10887.0,61.47,Medium,1,1
104484,49.0,11.0,52.47,48.333333333333336,11.0,1783.0,5122.0,234.0,2024-09-19 18:15:10,2025-01-25 23:17:21,2775.0,0.0,128.0,40.02,8025.0,40.02,Low,2,2
104486,69.0,2.0,79.44,79.44443333333334,2.0,2598.0,73.0,20.0,2024-09-16 14:48:40,2024-10-07 19:48:06,34.0,0.0,21.0,3.48,128.0,3.48,Medium,2,2
104487,57.0,32.0,68.3,65.0238,32.0,2420.375,11452.0,389.0,2024-09-12 20:29:16,2025-01-18 22:56:56,5998.0,0.0,128.0,89.47,17578.0,89.47,Medium,1,1
104489,79.0,47.0,78.24,79.33333333333333,47.0,1946.978723404256,7143.0,350.0,2024-09-16 11:09:33,2025-01-17 10:09:25,3632.0,0.0,122.0,58.55,10897.0,58.55,Medium,3,3
104490,80.0,50.0,62.08,66.47619999999999,50.0,2664.16,5207.0,193.0,2024-09-15 23:42:26,2025-01-10 17:33:45,2648.0,0.0,116.0,44.89,7971.0,44.89,Medium,3,3
104491,82.0,58.0,76.62,81.06792222222222,58.0,1610.396551724138,7877.0,402.0,2024-09-16 13:26:08,2025-01-12 16:39:34,4230.0,0.0,118.0,66.75,12225.0,66.75,Medium,3,3
104493,48.0,6.0,41.79,41.527766666666665,6.0,1796.8333333333333,2173.0,127.0,2024-09-12 20:44:10,2024-10-31 13:57:52,1201.0,0.0,48.0,45.27,3422.0,45.27,Low,2,2
104495,48.0,3.0,41.96,52.5,3.0,2653.6666666666665,761.0,41.0,2024-09-25 10:15:47,2024-09-30 17:03:50,393.0,0.0,5.0,152.2,1159.0,152.2,Low,2,2
104500,85.0,58.0,61.93,64.57406666666667,58.0,2343.7758620689656,6901.0,189.0,2024-09-19 18:41:15,2025-01-19 21:26:24,3518.0,0.0,122.0,56.57,10541.0,56.57,Medium,3,3
104501,48.0,20.0,70.47,81.62540000000001,20.0,2475.1,11678.0,418.0,2024-09-12 20:07:35,2025-01-17 13:24:17,6497.0,0.0,126.0,92.68,18301.0,92.68,Medium,1,1
104507,70.0,18.0,58.43,63.1111,18.0,2198.777777777778,2630.0,235.0,2024-09-20 18:36:57,2025-01-13 23:01:23,1270.0,0.0,115.0,22.87,4015.0,22.87,Low,2,2
104511,72.0,10.0,51.68,60.777766666666665,10.0,1941.3,477.0,32.0,2024-09-19 18:26:44,2024-11-17 09:57:33,243.0,0.0,58.0,8.22,778.0,8.22,Low,2,2
104512,84.0,54.0,51.64,53.57143333333333,54.0,1597.648148148148,6488.0,333.0,2024-09-16 20:40:39,2025-01-19 20:30:54,3322.0,0.0,124.0,52.32,9934.0,52.32,Low,3,3
104514,57.0,29.0,76.19,84.44446666666666,29.0,2661.3793103448274,11891.0,430.0,2024-09-12 20:04:36,2025-01-18 08:23:56,6498.0,0.0,127.0,93.63,18516.0,93.63,Medium,1,1
104515,70.0,5.0,57.29,65.92593333333333,5.0,1554.6,1034.0,77.0,2024-09-16 13:30:48,2024-12-06 18:49:55,567.0,0.0,81.0,12.77,1682.0,12.77,Low,2,2
104520,81.0,57.0,58.26,63.511133333333326,57.0,2042.315789473684,8740.0,398.0,2024-09-14 17:21:00,2025-01-18 18:08:31,4641.0,0.0,126.0,69.37,13507.0,69.37,Low,3,3
104525,50.0,25.0,67.42,67.55553333333334,25.0,2040.56,9925.0,355.0,2024-09-19 19:58:48,2025-01-19 13:00:04,5461.0,0.0,121.0,82.02,15507.0,82.02,Medium,1,1
104527,97.0,73.0,62.53,64.44446666666667,73.0,1788.3013698630136,6817.0,193.0,2024-09-19 10:43:18,2025-01-19 23:31:45,3537.0,0.0,122.0,55.88,10476.0,55.88,Medium,3,3
104530,69.0,1.0,50.83,50.83333333333333,1.0,1537.0,371.0,64.0,2024-09-30 14:40:13,2024-10-07 23:47:11,188.0,0.0,7.0,53.0,566.0,53.0,Low,2,2
104531,85.0,55.0,63.72,66.44446666666667,55.0,2431.3818181818183,8290.0,339.0,2024-09-16 13:38:57,2025-01-19 22:26:37,4521.0,0.0,125.0,66.32,12936.0,66.32,Medium,3,3
104533,57.0,22.0,87.08,88.43333333333334,22.0,2686.954545454545,8970.0,224.0,2024-09-13 16:02:37,2024-11-21 16:22:03,4735.0,0.0,69.0,130.0,13774.0,130.0,High,1,1
104534,90.0,60.0,57.45,60.0,60.0,2437.366666666667,11146.0,399.0,2024-09-16 16:03:30,2025-01-19 21:40:37,6179.0,0.0,125.0,89.17,17450.0,89.17,Low,3,3
104536,83.0,59.0,83.83,86.66666666666667,59.0,2378.830508474576,11152.0,385.0,2024-09-16 13:54:09,2025-01-19 20:53:53,5941.0,0.0,125.0,89.22,17218.0,89.22,High,3,3
104538,98.0,68.0,67.88,71.27776666666668,68.0,2476.794117647059,4359.0,182.0,2024-09-19 16:47:58,2025-01-18 19:27:25,2310.0,0.0,121.0,36.02,6790.0,36.02,Medium,3,3
104539,84.0,47.0,63.58,67.2222,47.0,2386.0425531914893,5730.0,265.0,2024-09-29 20:17:38,2025-01-12 22:56:46,3055.0,0.0,105.0,54.57,8890.0,54.57,Medium,3,3
104540,94.0,65.0,62.76,68.33333333333333,65.0,2387.923076923077,7254.0,129.0,2024-09-15 18:31:58,2025-01-19 21:33:45,3733.0,0.0,126.0,57.57,11113.0,57.57,Medium,3,3
104541,81.0,49.0,74.35,80.66666666666666,49.0,2478.244897959184,4206.0,198.0,2024-09-15 22:59:16,2025-01-21 14:08:38,2161.0,0.0,127.0,33.12,6494.0,33.12,Medium,3,3
104544,69.0,2.0,0.0,0.0,2.0,3750.0,159.0,27.0,2024-09-15 15:39:13,2024-11-11 23:16:06,105.0,0.0,57.0,2.79,321.0,2.79,Low,0,0
104545,48.0,10.0,67.05,67.7778,10.0,2306.3,4337.0,185.0,2024-09-19 18:43:03,2024-11-13 23:59:17,2420.0,0.0,55.0,78.85,6812.0,78.85,Medium,2,2
104548,48.0,19.0,72.96,77.2222,19.0,2293.368421052632,9678.0,360.0,2024-09-17 13:23:03,2025-01-19 20:52:37,4975.0,0.0,124.0,78.05,14777.0,78.05,Medium,1,1
104554,100.0,73.0,82.48,84.66666666666666,73.0,2792.5342465753424,5861.0,204.0,2024-09-16 09:24:05,2025-01-20 06:19:31,2906.0,0.0,125.0,46.89,8892.0,46.89,High,3,3
104555,116.0,91.0,25.49,22.525266666666667,91.0,1349.637362637363,5501.0,196.0,2024-09-15 17:55:23,2025-01-19 21:39:59,2846.0,0.0,126.0,43.66,8473.0,43.66,Low,3,3
104556,70.0,28.0,55.11,60.30556666666667,28.0,1641.821428571429,3855.0,345.0,2024-09-21 06:56:16,2025-01-19 20:29:46,1999.0,0.0,120.0,32.12,5974.0,32.12,Low,2,2
104565,75.0,34.0,61.64,68.0,34.0,1655.7941176470588,4691.0,210.0,2024-09-16 19:47:48,2025-01-12 23:02:40,2445.0,0.0,118.0,39.75,7254.0,39.75,Medium,3,3
104568,56.0,30.0,76.84,82.44443333333334,30.0,2196.333333333333,12282.0,400.0,2024-09-19 18:23:39,2025-01-14 22:09:56,6722.0,0.0,117.0,104.97,19121.0,104.97,Medium,1,1
104575,49.0,7.0,68.21,77.33333333333333,7.0,2006.2857142857144,2760.0,113.0,2024-09-19 19:59:03,2024-10-21 04:48:14,1420.0,0.0,31.0,89.03,4211.0,89.03,Medium,2,2
105517,74.0,42.0,79.93,83.0925925925926,42.0,2439.6428571428573,3599.0,181.0,2024-09-15 12:45:21,2025-01-07 10:30:19,1863.0,0.0,113.0,31.85,5575.0,31.85,Medium,3,3
105538,77.0,27.0,40.72,40.0,27.0,2302.0,3620.0,319.0,2024-09-20 00:54:52,2024-12-11 22:55:53,1971.0,0.0,82.0,44.15,5673.0,44.15,Low,2,2
105544,76.0,34.0,59.4,63.34343333333334,34.0,2449.1470588235293,2999.0,198.0,2024-09-16 20:32:36,2025-01-20 11:03:08,1625.0,0.0,125.0,23.99,4749.0,23.99,Low,2,2
105579,69.0,0.0,0.0,0.0,0.0,0.0,0.0,0.0,,,0.0,0.0,0.0,0.0,0.0,0.0,Low,0,0
108110,0.0,0.0,0.0,0.0,0.0,0.0,1.0,1.0,2024-12-19 08:34:51,2024-12-19 08:34:51,1.0,0.0,0.0,1.0,2.0,1.0,Low,0,0
108202,0.0,0.0,0.0,0.0,0.0,0.0,1.0,1.0,2024-12-31 21:54:24,2024-12-31 21:54:24,1.0,0.0,0.0,1.0,2.0,1.0,Low,0,0
108403,0.0,0.0,0.0,0.0,0.0,0.0,1.0,1.0,2025-01-06 09:16:09,2025-01-06 09:16:09,1.0,0.0,0.0,1.0,2.0,1.0,Low,0,0
111191,72.0,19.0,62.15,57.333333333333336,19.0,2401.7894736842104,1590.0,68.0,2024-09-16 11:02:37,2025-01-09 17:35:43,843.0,0.0,115.0,13.83,2548.0,13.83,Medium,2,2
111197,79.0,38.0,55.61,62.22220000000001,38.0,2032.578947368421,2470.0,106.0,2024-09-20 15:52:07,2025-01-12 20:51:27,1296.0,0.0,114.0,21.67,3880.0,21.67,Low,2,2
111201,73.0,22.0,74.34,80.4762,22.0,2196.318181818182,2974.0,180.0,2024-09-15 12:23:55,2025-01-19 20:16:12,1553.0,0.0,126.0,23.6,4653.0,23.6,Medium,2,2
111203,47.0,0.0,0.0,0.0,0.0,0.0,293.0,30.0,2024-09-16 16:57:27,2024-10-01 18:34:56,191.0,0.0,15.0,19.53,499.0,19.53,Low,0,0
111210,69.0,4.0,29.33,26.99413333333333,4.0,2483.0,583.0,27.0,2024-09-23 18:40:10,2024-11-11 23:06:05,307.0,0.0,49.0,11.9,939.0,11.9,Low,0,0
111237,74.0,11.0,42.43,50.0,11.0,2501.909090909091,663.0,27.0,2024-09-16 06:35:31,2024-10-17 12:40:54,357.0,0.0,31.0,21.39,1051.0,21.39,Low,2,2
111242,54.0,24.0,76.25,82.88886666666667,24.0,1862.4166666666667,9207.0,326.0,2024-09-15 23:14:37,2025-01-18 17:00:02,4706.0,0.0,124.0,74.25,14037.0,74.25,Medium,1,1
111270,88.0,58.0,57.78,60.77776666666667,58.0,2310.9827586206898,7427.0,384.0,2024-09-21 07:03:34,2025-01-19 22:15:22,3836.0,0.0,120.0,61.89,11383.0,61.89,Low,3,3
111306,71.0,7.0,60.98,62.22220000000001,7.0,1649.857142857143,469.0,35.0,2024-09-16 10:04:23,2024-11-11 23:14:50,228.0,0.0,56.0,8.38,753.0,8.38,Medium,2,2
111307,82.0,56.0,64.4,67.16666666666666,56.0,2562.1428571428573,4611.0,192.0,2024-09-17 13:42:18,2025-01-14 17:17:50,2426.0,0.0,119.0,38.75,7156.0,38.75,Medium,3,3
111310,76.0,29.0,24.94,26.666666666666668,29.0,1499.655172413793,3522.0,265.0,2024-09-21 08:08:48,2025-01-19 22:50:11,1819.0,0.0,120.0,29.35,5461.0,29.35,Low,2,2
111349,82.0,47.0,45.13,51.44446666666666,47.0,1460.851063829787,4947.0,361.0,2024-09-21 07:45:56,2025-01-18 19:33:29,2553.0,0.0,119.0,41.57,7619.0,41.57,Low,3,3
111359,50.0,23.0,30.82,28.33333333333333,23.0,1923.608695652174,11748.0,369.0,2024-09-21 04:19:03,2025-01-19 00:10:21,6611.0,0.0,119.0,98.72,18478.0,98.72,Low,1,1
111371,72.0,7.0,41.85,47.25926666666667,7.0,2337.5714285714284,831.0,66.0,2024-09-16 13:09:22,2025-01-18 15:54:32,448.0,0.0,124.0,6.7,1403.0,6.7,Low,2,2
111385,49.0,12.0,68.45,69.49206666666666,12.0,2208.5,5337.0,244.0,2024-09-16 19:04:17,2025-01-14 23:59:20,2972.0,0.0,120.0,44.48,8429.0,44.48,Medium,2,2
111390,74.0,37.0,53.44,53.11113333333333,37.0,2416.4864864864867,2726.0,104.0,2024-09-16 12:20:32,2025-01-19 23:25:35,1403.0,0.0,125.0,21.81,4254.0,21.81,Low,2,2
111399,69.0,3.0,72.22,70.0,3.0,1998.3333333333333,633.0,85.0,2024-09-18 09:02:18,2025-01-17 14:30:46,373.0,0.0,121.0,5.23,1127.0,5.23,Medium,2,2
111448,49.0,4.0,31.19,29.888866666666665,4.0,1916.5,1085.0,58.0,2024-09-19 20:40:42,2024-10-12 22:47:48,642.0,0.0,23.0,47.17,1750.0,47.17,Low,2,2
111465,52.0,23.0,77.85,81.0,23.0,2591.043478260869,10167.0,354.0,2024-09-19 15:35:28,2025-01-18 23:59:09,5197.0,0.0,121.0,84.02,15485.0,84.02,Medium,1,1
111468,71.0,18.0,72.38,75.02223333333333,18.0,2438.111111111112,2503.0,194.0,2024-09-15 18:33:40,2024-11-16 04:04:30,1292.0,0.0,61.0,41.03,3856.0,41.03,Medium,2,2
111493,74.0,43.0,65.11,66.66666666666666,43.0,1792.2325581395348,7077.0,379.0,2024-09-21 06:58:13,2025-01-17 17:05:51,3765.0,0.0,118.0,59.97,10960.0,59.97,Medium,3,3
111496,76.0,13.0,41.49,45.111133333333335,13.0,2098.3846153846152,580.0,77.0,2024-09-16 21:27:23,2024-11-23 23:21:11,300.0,0.0,68.0,8.53,948.0,8.53,Low,2,2
111501,71.0,12.0,37.39,47.873000000000005,12.0,2551.083333333333,1714.0,109.0,2024-09-21 06:06:17,2024-11-20 20:30:08,936.0,0.0,60.0,28.57,2710.0,28.57,Low,2,2
111503,53.0,27.0,58.31,62.22220000000001,27.0,2583.4074074074074,12449.0,397.0,2024-09-16 17:19:21,2025-01-16 21:20:26,7161.0,0.0,122.0,102.04,19732.0,102.04,Low,1,1
111606,83.0,40.0,49.34,46.472233333333335,40.0,2517.175,3545.0,65.0,2024-09-21 09:05:33,2025-01-19 20:34:50,1738.0,0.0,120.0,29.54,5403.0,29.54,Low,3,3
111624,81.0,49.0,79.18,83.33333333333334,49.0,2422.408163265306,5786.0,373.0,2024-09-21 07:32:37,2025-01-09 23:27:10,2977.0,0.0,110.0,52.6,8873.0,52.6,Medium,3,3
111627,48.0,18.0,75.89,75.86766666666666,18.0,2252.277777777778,8932.0,289.0,2024-09-19 20:00:54,2025-01-14 23:21:26,4800.0,0.0,117.0,76.34,13849.0,76.34,Medium,1,1
111632,47.0,6.0,48.77,48.16666666666666,6.0,2317.333333333333,2558.0,228.0,2024-09-19 19:38:50,2025-01-15 00:17:50,1245.0,0.0,117.0,21.86,3920.0,21.86,Low,2,2
111645,71.0,5.0,51.25,53.968266666666665,5.0,1394.2,761.0,74.0,2024-09-19 20:06:30,2025-01-17 15:42:49,408.0,0.0,119.0,6.39,1288.0,6.39,Low,2,2
111661,58.0,32.0,66.29,68.57573333333333,32.0,2523.65625,11654.0,365.0,2024-09-19 13:15:24,2025-01-13 23:30:27,5719.0,0.0,116.0,100.47,17489.0,100.47,Medium,1,1
111676,84.0,47.0,47.1,48.66666666666666,47.0,2463.7872340425533,6975.0,282.0,2024-09-22 19:52:04,2025-01-29 13:17:09,3802.0,0.0,128.0,54.49,10905.0,54.49,Low,3,3
111692,69.0,3.0,77.04,74.44446666666667,3.0,2016.6666666666667,155.0,17.0,2024-09-19 19:03:16,2024-11-03 22:42:19,82.0,0.0,45.0,3.44,282.0,3.44,Medium,2,2
111695,49.0,9.0,62.48,62.9778,9.0,1503.4444444444443,3127.0,115.0,2024-09-19 20:51:32,2025-01-06 21:33:22,1563.0,0.0,109.0,28.69,4799.0,28.69,Medium,2,2
111697,80.0,30.0,46.26,47.0,30.0,1214.7333333333331,2472.0,147.0,2024-09-23 19:39:27,2025-01-19 19:52:14,1231.0,0.0,118.0,20.95,3821.0,20.95,Low,2,2
111703,76.0,19.0,79.07,86.66666666666667,19.0,1887.4736842105265,2266.0,221.0,2024-09-21 05:43:35,2024-11-26 18:21:40,1180.0,0.0,66.0,34.33,3512.0,34.33,Medium,2,2
111704,51.0,23.0,67.11,70.33333333333334,23.0,2013.1304347826087,11228.0,341.0,2024-09-18 15:39:40,2025-01-19 19:31:34,5901.0,0.0,123.0,91.28,17252.0,91.28,Medium,1,1
111724,76.0,33.0,58.97,65.9394,33.0,1371.6666666666667,4817.0,227.0,2024-09-21 07:42:06,2025-01-19 14:16:39,2515.0,0.0,120.0,40.14,7452.0,40.14,Low,2,2
111727,74.0,20.0,54.5,55.98413333333333,20.0,2364.8,2781.0,160.0,2024-09-21 07:36:00,2025-01-07 10:19:57,1265.0,0.0,108.0,25.75,4154.0,25.75,Low,2,2
111730,50.0,21.0,78.4,82.0,21.0,2676.333333333333,10685.0,375.0,2024-09-19 20:07:01,2025-01-18 20:17:07,5691.0,0.0,121.0,88.31,16497.0,88.31,Medium,1,1
111741,56.0,31.0,67.66,72.66666666666667,31.0,1745.1612903225807,11874.0,355.0,2024-09-21 20:12:17,2025-01-23 11:58:55,6228.0,0.0,123.0,96.54,18225.0,96.54,Medium,1,1
111761,81.0,48.0,66.38,70.40741851851851,48.0,2184.4791666666665,4130.0,186.0,2024-09-19 18:47:23,2025-01-18 13:55:05,2162.0,0.0,120.0,34.42,6412.0,34.42,Medium,3,3
111810,48.0,3.0,42.78,34.44446666666667,3.0,1217.6666666666667,1548.0,109.0,2024-09-24 04:53:21,2024-11-24 01:21:22,890.0,0.0,60.0,25.8,2498.0,25.8,Low,2,2
111811,71.0,3.0,48.85,47.09526666666666,3.0,2506.0,590.0,7.0,2024-09-26 20:23:43,2024-11-20 13:21:14,283.0,0.0,54.0,10.93,927.0,10.93,Low,2,2
111917,74.0,35.0,66.77,66.66666666666666,35.0,1982.428571428572,2481.0,85.0,2024-10-08 05:56:45,2025-01-13 23:44:14,1283.0,0.0,97.0,25.58,3861.0,25.58,Medium,2,2
111955,47.0,2.0,70.0,70.0,2.0,2155.5,2376.0,55.0,2024-09-19 20:08:13,2025-01-18 15:41:51,1235.0,0.0,120.0,19.8,3731.0,19.8,Medium,2,2
111957,47.0,0.0,0.0,0.0,0.0,0.0,233.0,29.0,2024-09-22 12:22:59,2024-09-30 09:06:41,131.0,0.0,7.0,33.29,371.0,33.29,Low,0,0
111973,0.0,0.0,0.0,0.0,0.0,0.0,4.0,2.0,2024-11-08 15:39:24,2024-11-08 15:40:41,4.0,0.0,0.0,4.0,8.0,4.0,Low,0,0
113825,47.0,0.0,0.0,0.0,0.0,0.0,0.0,0.0,,,0.0,0.0,0.0,0.0,0.0,0.0,Low,0,0
114114,47.0,2.0,37.0,37.0,2.0,1502.5,590.0,21.0,2024-11-09 21:28:36,2024-12-09 16:38:32,267.0,0.0,29.0,20.34,886.0,20.34,Low,2,2
114130,0.0,0.0,0.0,0.0,0.0,0.0,1.0,1.0,2024-11-15 07:00:52,2024-11-15 07:00:52,1.0,0.0,0.0,1.0,2.0,1.0,Low,0,0
115218,0.0,0.0,0.0,0.0,0.0,0.0,2.0,1.0,2024-11-04 11:13:57,2024-11-04 11:13:57,2.0,0.0,0.0,2.0,4.0,2.0,Low,0,0
115478,69.0,2.0,69.37,69.3651,2.0,2700.0,282.0,17.0,2024-09-19 20:13:56,2024-10-06 11:20:32,170.0,0.0,16.0,17.62,468.0,17.62,Medium,2,2
115557,69.0,2.0,59.17,59.16666666666667,2.0,2645.0,110.0,25.0,2024-09-19 00:57:15,2025-01-17 22:45:22,62.0,0.0,120.0,0.92,292.0,0.92,Low,2,2
117195,0.0,0.0,0.0,0.0,0.0,0.0,33.0,1.0,2024-09-27 20:50:23,2025-01-18 22:03:31,0.0,0.0,113.0,0.29,146.0,0.29,Low,0,0
117730,69.0,0.0,0.0,0.0,0.0,0.0,107.0,21.0,2024-10-02 14:59:30,2025-01-07 21:01:07,68.0,0.0,97.0,1.1,272.0,1.1,Low,0,0
118343,77.0,30.0,55.82,57.13133333333333,30.0,1992.7666666666669,2715.0,164.0,2024-09-27 15:48:42,2025-01-20 17:22:25,1431.0,0.0,115.0,23.61,4261.0,23.61,Low,2,2
118484,47.0,0.0,0.0,0.0,0.0,0.0,6.0,3.0,2025-01-02 10:26:35,2025-01-07 22:54:17,6.0,0.0,5.0,1.2,17.0,1.2,Low,0,0
119391,70.0,6.0,24.52,25.833333333333336,6.0,2571.6666666666665,480.0,15.0,2024-11-12 18:29:04,2024-12-19 19:55:05,264.0,0.0,37.0,12.97,781.0,12.97,Low,0,0
227590,0.0,0.0,0.0,0.0,0.0,0.0,1.0,1.0,2024-09-17 21:37:33,2024-09-17 21:37:33,0.0,0.0,0.0,1.0,1.0,1.0,Low,0,0
1504610,0.0,0.0,0.0,0.0,0.0,0.0,22.0,1.0,2024-10-06 19:26:03,2025-01-14 21:19:32,0.0,0.0,100.0,0.22,122.0,0.22,Low,0,0
1598276,0.0,0.0,0.0,0.0,0.0,0.0,48.0,1.0,2024-09-20 21:27:50,2025-01-14 15:45:58,0.0,0.0,115.0,0.42,163.0,0.42,Low,0,0
1662902,0.0,0.0,0.0,0.0,0.0,0.0,42.0,1.0,2024-09-20 23:03:39,2025-01-10 21:22:42,0.0,0.0,111.0,0.38,153.0,0.38,Low,0,0
1864123,0.0,0.0,0.0,0.0,0.0,0.0,49.0,1.0,2024-09-21 14:40:51,2025-01-19 23:30:38,0.0,0.0,120.0,0.41,169.0,0.41,Low,0,0
1929756,0.0,0.0,0.0,0.0,0.0,0.0,42.0,1.0,2024-09-21 16:58:22,2024-11-15 15:46:07,0.0,0.0,54.0,0.78,96.0,0.78,Low,0,0
1970974,0.0,0.0,0.0,0.0,0.0,0.0,27.0,1.0,2024-09-21 18:43:21,2025-01-14 04:27:25,0.0,0.0,114.0,0.24,141.0,0.24,Low,0,0
2037729,0.0,0.0,0.0,0.0,0.0,0.0,12.0,1.0,2024-09-21 20:41:07,2024-10-28 07:00:00,0.0,0.0,36.0,0.33,48.0,0.33,Low,0,0
2102362,0.0,0.0,0.0,0.0,0.0,0.0,24.0,1.0,2024-09-21 22:03:31,2025-01-16 18:58:52,0.0,0.0,116.0,0.21,140.0,0.21,Low,0,0
2121815,0.0,0.0,0.0,0.0,0.0,0.0,26.0,1.0,2024-09-21 22:29:17,2025-01-16 14:26:32,0.0,0.0,116.0,0.22,142.0,0.22,Low,0,0
2127691,0.0,0.0,0.0,0.0,0.0,0.0,18.0,1.0,2024-09-21 22:38:44,2024-12-11 15:33:33,0.0,0.0,80.0,0.22,98.0,0.22,Low,0,0
2174008,0.0,0.0,0.0,0.0,0.0,0.0,44.0,1.0,2024-09-22 01:21:41,2025-01-18 16:59:58,0.0,0.0,118.0,0.37,162.0,0.37,Low,0,0
2202823,0.0,0.0,0.0,0.0,0.0,0.0,58.0,1.0,2024-09-22 10:33:42,2025-01-12 22:46:12,0.0,0.0,112.0,0.52,170.0,0.52,Low,0,0
2204423,0.0,0.0,0.0,0.0,0.0,0.0,57.0,1.0,2024-09-22 10:40:10,2025-01-19 21:39:11,0.0,0.0,119.0,0.48,176.0,0.48,Low,0,0
2209588,0.0,0.0,0.0,0.0,0.0,0.0,52.0,1.0,2024-09-22 11:05:51,2025-01-08 14:35:07,0.0,0.0,108.0,0.48,160.0,0.48,Low,0,0
2222432,0.0,0.0,0.0,0.0,0.0,0.0,28.0,1.0,2024-09-22 11:54:06,2025-01-16 13:29:46,0.0,0.0,116.0,0.24,144.0,0.24,Low,0,0
2235465,0.0,0.0,0.0,0.0,0.0,0.0,25.0,1.0,2024-09-22 12:45:24,2025-01-16 19:14:19,0.0,0.0,116.0,0.22,141.0,0.22,Low,0,0
2244756,0.0,0.0,0.0,0.0,0.0,0.0,44.0,1.0,2024-09-22 13:23:50,2025-01-14 20:58:38,0.0,0.0,114.0,0.39,158.0,0.39,Low,0,0
2273382,0.0,0.0,0.0,0.0,0.0,0.0,17.0,1.0,2024-10-06 15:33:23,2025-01-14 21:19:31,0.0,0.0,100.0,0.17,117.0,0.17,Low,0,0
2286677,0.0,0.0,0.0,0.0,0.0,0.0,46.0,1.0,2024-09-22 15:51:43,2025-01-12 23:28:45,0.0,0.0,112.0,0.41,158.0,0.41,Low,0,0
2303063,0.0,0.0,0.0,0.0,0.0,0.0,10.0,1.0,2024-09-22 16:41:50,2025-01-16 19:09:48,0.0,0.0,116.0,0.09,126.0,0.09,Low,0,0
2426429,0.0,0.0,0.0,0.0,0.0,0.0,62.0,1.0,2024-09-22 22:06:45,2025-01-14 04:06:16,0.0,0.0,113.0,0.55,175.0,0.55,Low,0,0
2445456,0.0,0.0,0.0,0.0,0.0,0.0,64.0,1.0,2024-09-22 22:44:24,2025-01-13 23:29:01,0.0,0.0,113.0,0.57,177.0,0.57,Low,0,0
2481409,0.0,0.0,0.0,0.0,0.0,0.0,50.0,1.0,2024-09-23 00:25:18,2025-01-14 20:15:12,0.0,0.0,113.0,0.44,163.0,0.44,Low,0,0
2735097,0.0,0.0,0.0,0.0,0.0,0.0,36.0,1.0,2024-09-23 16:50:32,2025-01-17 11:50:59,0.0,0.0,115.0,0.31,151.0,0.31,Low,0,0
2809684,0.0,0.0,0.0,0.0,0.0,0.0,48.0,1.0,2024-09-23 19:17:50,2025-01-13 15:07:28,0.0,0.0,111.0,0.43,159.0,0.43,Low,0,0
2869347,0.0,0.0,0.0,0.0,0.0,0.0,31.0,1.0,2024-09-23 20:28:14,2025-01-19 22:08:27,0.0,0.0,118.0,0.26,149.0,0.26,Low,0,0
2931778,0.0,0.0,0.0,0.0,0.0,0.0,30.0,1.0,2024-09-23 21:46:38,2025-01-16 17:12:18,0.0,0.0,114.0,0.26,144.0,0.26,Low,0,0
3053975,0.0,0.0,0.0,0.0,0.0,0.0,60.0,1.0,2024-09-24 08:33:18,2025-01-14 22:04:16,0.0,0.0,112.0,0.54,172.0,0.54,Low,0,0
3085377,0.0,0.0,0.0,0.0,0.0,0.0,24.0,1.0,2024-09-24 09:32:40,2024-11-16 16:58:28,0.0,0.0,53.0,0.45,77.0,0.45,Low,0,0
3173284,0.0,0.0,0.0,0.0,0.0,0.0,28.0,1.0,2024-09-24 12:47:02,2025-01-16 14:21:12,0.0,0.0,114.0,0.25,142.0,0.25,Low,0,0
3295676,0.0,0.0,0.0,0.0,0.0,0.0,31.0,1.0,2024-09-24 17:35:34,2025-01-18 19:32:34,0.0,0.0,116.0,0.27,147.0,0.27,Low,0,0
3395369,0.0,0.0,0.0,0.0,0.0,0.0,23.0,1.0,2024-09-24 21:10:35,2025-01-14 21:44:24,0.0,0.0,112.0,0.21,135.0,0.21,Low,0,0
3407871,0.0,0.0,0.0,0.0,0.0,0.0,34.0,1.0,2024-09-24 21:32:04,2025-01-07 22:43:39,0.0,0.0,105.0,0.32,139.0,0.32,Low,0,0
3413984,0.0,0.0,0.0,0.0,0.0,0.0,40.0,1.0,2024-09-24 21:43:22,2025-01-19 22:15:17,0.0,0.0,117.0,0.34,157.0,0.34,Low,0,0
3417985,0.0,0.0,0.0,0.0,0.0,0.0,41.0,1.0,2024-09-24 21:47:48,2025-01-19 20:52:42,0.0,0.0,116.0,0.35,157.0,0.35,Low,0,0
3612537,0.0,0.0,0.0,0.0,0.0,0.0,20.0,1.0,2024-09-25 12:50:43,2024-12-16 23:24:49,0.0,0.0,82.0,0.24,102.0,0.24,Low,0,0
3679286,0.0,0.0,0.0,0.0,0.0,0.0,22.0,1.0,2024-09-25 14:58:30,2025-01-09 11:59:48,0.0,0.0,105.0,0.21,127.0,0.21,Low,0,0
3803420,0.0,0.0,0.0,0.0,0.0,0.0,40.0,1.0,2024-09-25 20:28:42,2025-01-18 21:56:34,0.0,0.0,115.0,0.35,155.0,0.35,Low,0,0
3803722,0.0,0.0,0.0,0.0,0.0,0.0,38.0,1.0,2024-09-25 20:28:50,2025-01-18 12:12:49,0.0,0.0,114.0,0.33,152.0,0.33,Low,0,0
3806205,0.0,0.0,0.0,0.0,0.0,0.0,38.0,1.0,2024-09-25 20:34:31,2025-01-08 01:39:27,0.0,0.0,104.0,0.37,142.0,0.37,Low,0,0
3847246,0.0,0.0,0.0,0.0,0.0,0.0,64.0,1.0,2024-09-25 22:01:23,2025-01-14 17:19:14,0.0,0.0,110.0,0.58,174.0,0.58,Low,0,0
3857686,0.0,0.0,0.0,0.0,0.0,0.0,29.0,1.0,2024-09-25 22:25:04,2025-01-14 22:06:51,0.0,0.0,110.0,0.26,139.0,0.26,Low,0,0
3871446,0.0,0.0,0.0,0.0,0.0,0.0,12.0,1.0,2024-09-25 22:56:40,2025-01-16 17:09:55,0.0,0.0,112.0,0.11,124.0,0.11,Low,0,0
3882543,0.0,0.0,0.0,0.0,0.0,0.0,45.0,1.0,2024-09-25 23:29:01,2025-01-19 21:35:36,0.0,0.0,115.0,0.39,160.0,0.39,Low,0,0
3988090,0.0,0.0,0.0,0.0,0.0,0.0,36.0,1.0,2024-09-26 11:11:59,2025-01-18 22:56:52,0.0,0.0,114.0,0.32,150.0,0.32,Low,0,0
3992316,0.0,0.0,0.0,0.0,0.0,0.0,26.0,1.0,2024-09-26 11:24:53,2025-01-14 22:06:44,0.0,0.0,110.0,0.24,136.0,0.24,Low,0,0
4003047,0.0,0.0,0.0,0.0,0.0,0.0,35.0,1.0,2024-09-26 12:07:11,2025-01-14 22:42:12,0.0,0.0,110.0,0.32,145.0,0.32,Low,0,0
4049238,0.0,0.0,0.0,0.0,0.0,0.0,31.0,1.0,2024-09-26 14:21:36,2025-01-14 21:37:29,0.0,0.0,110.0,0.28,141.0,0.28,Low,0,0
4061412,0.0,0.0,0.0,0.0,0.0,0.0,38.0,1.0,2024-09-26 14:41:23,2025-01-19 17:10:24,0.0,0.0,115.0,0.33,153.0,0.33,Low,0,0
4146435,0.0,0.0,0.0,0.0,0.0,0.0,31.0,1.0,2024-09-26 18:49:37,2025-01-16 15:27:34,0.0,0.0,111.0,0.28,142.0,0.28,Low,0,0
4156798,0.0,0.0,0.0,0.0,0.0,0.0,5.0,1.0,2024-09-26 19:19:53,2025-01-14 21:19:32,0.0,0.0,110.0,0.05,115.0,0.05,Low,0,0
4193942,0.0,0.0,0.0,0.0,0.0,0.0,26.0,1.0,2024-09-26 20:55:42,2025-01-14 22:04:20,0.0,0.0,110.0,0.24,136.0,0.24,Low,0,0
4199766,0.0,0.0,0.0,0.0,0.0,0.0,32.0,1.0,2024-09-26 21:07:36,2025-01-18 23:03:08,0.0,0.0,114.0,0.28,146.0,0.28,Low,0,0
4223286,0.0,0.0,0.0,0.0,0.0,0.0,56.0,1.0,2024-09-26 22:00:57,2025-01-12 16:34:15,0.0,0.0,107.0,0.52,163.0,0.52,Low,0,0
4238279,0.0,0.0,0.0,0.0,0.0,0.0,54.0,1.0,2024-09-26 22:33:26,2025-01-14 23:59:01,0.0,0.0,110.0,0.49,164.0,0.49,Low,0,0
4261684,0.0,0.0,0.0,0.0,0.0,0.0,30.0,1.0,2024-09-26 23:34:48,2025-01-08 02:20:28,0.0,0.0,103.0,0.29,133.0,0.29,Low,0,0
4267847,0.0,0.0,0.0,0.0,0.0,0.0,8.0,1.0,2024-09-26 23:59:02,2024-09-29 23:48:46,0.0,0.0,2.0,4.0,10.0,4.0,Low,0,0
4273094,0.0,0.0,0.0,0.0,0.0,0.0,36.0,1.0,2024-09-27 00:48:44,2025-01-19 20:59:49,0.0,0.0,114.0,0.32,150.0,0.32,Low,0,0
4318454,0.0,0.0,0.0,0.0,0.0,0.0,33.0,1.0,2024-10-12 20:46:18,2025-01-19 20:34:19,0.0,0.0,98.0,0.34,131.0,0.34,Low,0,0
4319603,0.0,0.0,0.0,0.0,0.0,0.0,21.0,1.0,2024-09-27 09:38:07,2025-01-14 21:10:02,0.0,0.0,109.0,0.19,130.0,0.19,Low,0,0
4339489,0.0,0.0,0.0,0.0,0.0,0.0,30.0,1.0,2024-09-27 10:47:22,2025-01-16 14:28:06,0.0,0.0,111.0,0.27,141.0,0.27,Low,0,0
4354678,0.0,0.0,0.0,0.0,0.0,0.0,6.0,1.0,2024-09-27 11:16:59,2024-09-29 23:20:24,0.0,0.0,2.0,3.0,8.0,3.0,Low,0,0
4707536,0.0,0.0,0.0,0.0,0.0,0.0,29.0,1.0,2024-09-28 13:29:55,2025-01-14 05:08:36,0.0,0.0,107.0,0.27,136.0,0.27,Low,0,0
4718648,0.0,0.0,0.0,0.0,0.0,0.0,46.0,1.0,2024-09-28 14:28:28,2025-01-14 22:56:49,0.0,0.0,108.0,0.43,154.0,0.43,Low,0,0
4723897,0.0,0.0,0.0,0.0,0.0,0.0,31.0,1.0,2024-09-28 14:49:33,2025-01-08 02:16:56,0.0,0.0,101.0,0.31,132.0,0.31,Low,0,0
4732637,0.0,0.0,0.0,0.0,0.0,0.0,36.0,1.0,2024-09-28 15:18:21,2025-01-14 23:20:34,0.0,0.0,108.0,0.33,144.0,0.33,Low,0,0
4732983,0.0,0.0,0.0,0.0,0.0,0.0,28.0,1.0,2024-09-28 15:18:41,2025-01-16 15:26:42,0.0,0.0,110.0,0.25,138.0,0.25,Low,0,0
4777841,0.0,0.0,0.0,0.0,0.0,0.0,38.0,1.0,2024-09-28 18:02:39,2025-01-14 22:12:18,0.0,0.0,108.0,0.35,146.0,0.35,Low,0,0
4784820,0.0,0.0,0.0,0.0,0.0,0.0,34.0,1.0,2024-09-28 18:28:27,2025-01-09 13:21:28,0.0,0.0,102.0,0.33,136.0,0.33,Low,0,0
4792963,0.0,0.0,0.0,0.0,0.0,0.0,30.0,1.0,2024-09-28 18:58:31,2025-01-16 15:11:30,0.0,0.0,109.0,0.28,139.0,0.28,Low,0,0
4834757,0.0,0.0,0.0,0.0,0.0,0.0,23.0,1.0,2024-09-28 21:04:57,2025-01-16 19:11:01,0.0,0.0,109.0,0.21,132.0,0.21,Low,0,0
4835642,0.0,0.0,0.0,0.0,0.0,0.0,27.0,1.0,2024-09-28 21:05:48,2025-01-16 14:29:44,0.0,0.0,109.0,0.25,136.0,0.25,Low,0,0
4889441,0.0,0.0,0.0,0.0,0.0,0.0,29.0,1.0,2024-09-29 00:50:02,2025-01-18 23:58:38,0.0,0.0,111.0,0.26,140.0,0.26,Low,0,0
4895423,0.0,0.0,0.0,0.0,0.0,0.0,40.0,1.0,2024-09-29 05:53:51,2025-01-13 09:48:08,0.0,0.0,106.0,0.38,146.0,0.38,Low,0,0
4933507,0.0,0.0,0.0,0.0,0.0,0.0,19.0,1.0,2024-09-29 13:19:04,2025-01-16 14:25:43,0.0,0.0,109.0,0.17,128.0,0.17,Low,0,0
4945829,0.0,0.0,0.0,0.0,0.0,0.0,38.0,1.0,2024-09-29 14:36:34,2025-01-14 17:35:42,0.0,0.0,107.0,0.36,145.0,0.36,Low,0,0
4952014,0.0,0.0,0.0,0.0,0.0,0.0,32.0,1.0,2024-09-29 15:17:51,2025-01-13 00:24:31,0.0,0.0,105.0,0.3,137.0,0.3,Low,0,0
4966357,0.0,0.0,0.0,0.0,0.0,0.0,20.0,1.0,2024-09-29 16:33:35,2024-11-13 23:59:00,0.0,0.0,45.0,0.44,65.0,0.44,Low,0,0
5022692,0.0,0.0,0.0,0.0,0.0,0.0,41.0,1.0,2024-09-29 19:59:13,2025-01-08 01:49:28,0.0,0.0,100.0,0.41,141.0,0.41,Low,0,0
5023861,0.0,0.0,0.0,0.0,0.0,0.0,29.0,1.0,2024-09-29 20:01:46,2025-01-16 15:25:51,0.0,0.0,108.0,0.27,137.0,0.27,Low,0,0
5042436,0.0,0.0,0.0,0.0,0.0,0.0,16.0,1.0,2024-09-29 20:41:26,2025-01-16 15:28:37,0.0,0.0,108.0,0.15,124.0,0.15,Low,0,0
5083410,0.0,0.0,0.0,0.0,0.0,0.0,37.0,1.0,2024-09-29 22:00:29,2025-01-14 22:08:31,0.0,0.0,107.0,0.35,144.0,0.35,Low,0,0
5088472,0.0,0.0,0.0,0.0,0.0,0.0,44.0,1.0,2024-09-29 22:14:55,2025-01-13 22:44:58,0.0,0.0,106.0,0.42,150.0,0.42,Low,0,0
5107741,0.0,0.0,0.0,0.0,0.0,0.0,14.0,1.0,2024-09-29 23:12:57,2024-10-21 04:42:18,0.0,0.0,21.0,0.67,35.0,0.67,Low,0,0
5113688,0.0,0.0,0.0,0.0,0.0,0.0,13.0,1.0,2024-09-29 23:33:21,2025-01-14 22:43:24,0.0,0.0,106.0,0.12,119.0,0.12,Low,0,0
5119813,0.0,0.0,0.0,0.0,0.0,0.0,8.0,1.0,2024-09-29 23:54:58,2025-01-14 21:19:32,0.0,0.0,106.0,0.08,114.0,0.08,Low,0,0
5119966,0.0,0.0,0.0,0.0,0.0,0.0,13.0,1.0,2024-09-29 23:55:17,2025-01-14 22:39:53,0.0,0.0,106.0,0.12,119.0,0.12,Low,0,0
5127618,0.0,0.0,0.0,0.0,0.0,0.0,15.0,1.0,2024-09-30 00:36:23,2025-01-16 15:29:31,0.0,0.0,108.0,0.14,123.0,0.14,Low,0,0
5128292,0.0,0.0,0.0,0.0,0.0,0.0,6.0,1.0,2024-09-30 00:39:54,2025-01-14 22:43:41,0.0,0.0,106.0,0.06,112.0,0.06,Low,0,0
5130245,0.0,0.0,0.0,0.0,0.0,0.0,13.0,1.0,2024-09-30 01:01:06,2025-01-16 19:14:53,0.0,0.0,108.0,0.12,121.0,0.12,Low,0,0
5130801,0.0,0.0,0.0,0.0,0.0,0.0,28.0,1.0,2024-09-30 01:08:15,2025-01-16 14:25:02,0.0,0.0,108.0,0.26,136.0,0.26,Low,0,0
5135028,0.0,0.0,0.0,0.0,0.0,0.0,62.0,1.0,2024-09-30 01:57:29,2025-01-14 21:18:31,0.0,0.0,106.0,0.58,168.0,0.58,Low,0,0
5138519,0.0,0.0,0.0,0.0,0.0,0.0,46.0,1.0,2024-09-30 04:26:27,2025-01-14 23:59:02,0.0,0.0,106.0,0.43,152.0,0.43,Low,0,0
5138677,0.0,0.0,0.0,0.0,0.0,0.0,18.0,1.0,2024-09-30 04:27:07,2025-01-16 14:20:36,0.0,0.0,108.0,0.17,126.0,0.17,Low,0,0
5140167,0.0,0.0,0.0,0.0,0.0,0.0,24.0,1.0,2024-09-30 05:45:09,2025-01-14 23:59:00,0.0,0.0,106.0,0.23,130.0,0.23,Low,0,0
5144667,0.0,0.0,0.0,0.0,0.0,0.0,24.0,1.0,2024-09-30 07:26:25,2025-01-16 12:12:37,0.0,0.0,108.0,0.22,132.0,0.22,Low,0,0
5168517,0.0,0.0,0.0,0.0,0.0,0.0,17.0,1.0,2024-09-30 10:04:17,2025-01-16 15:29:02,0.0,0.0,108.0,0.16,125.0,0.16,Low,0,0
5235261,0.0,0.0,0.0,0.0,0.0,0.0,2.0,1.0,2024-09-30 14:24:20,2024-10-01 23:54:53,0.0,0.0,1.0,2.0,3.0,2.0,Low,0,0
5246394,0.0,0.0,0.0,0.0,0.0,0.0,3.0,1.0,2024-09-30 15:01:53,2025-01-16 15:11:08,0.0,0.0,108.0,0.03,111.0,0.03,Low,0,0
5267155,0.0,0.0,0.0,0.0,0.0,0.0,1.0,1.0,2024-09-30 15:34:58,2024-09-30 15:34:58,0.0,0.0,0.0,1.0,1.0,1.0,Low,0,0
5272526,0.0,0.0,0.0,0.0,0.0,0.0,10.0,1.0,2024-09-30 16:00:09,2025-01-16 13:27:22,0.0,0.0,107.0,0.09,117.0,0.09,Low,0,0
5286322,0.0,0.0,0.0,0.0,0.0,0.0,23.0,1.0,2024-09-30 17:25:07,2025-01-19 22:50:11,0.0,0.0,111.0,0.21,134.0,0.21,Low,0,0
5333467,0.0,0.0,0.0,0.0,0.0,0.0,11.0,1.0,2024-09-30 20:45:52,2024-12-18 13:15:05,0.0,0.0,78.0,0.14,89.0,0.14,Low,0,0
5365954,0.0,0.0,0.0,0.0,0.0,0.0,9.0,1.0,2024-09-30 22:28:18,2024-10-14 06:12:06,0.0,0.0,13.0,0.69,22.0,0.69,Low,0,0
5366965,0.0,0.0,0.0,0.0,0.0,0.0,19.0,1.0,2024-09-30 22:30:19,2025-01-07 14:43:44,0.0,0.0,98.0,0.19,117.0,0.19,Low,0,0
5404591,0.0,0.0,0.0,0.0,0.0,0.0,23.0,1.0,2024-10-01 02:37:47,2025-01-14 22:33:57,0.0,0.0,105.0,0.22,128.0,0.22,Low,0,0
5446519,0.0,0.0,0.0,0.0,0.0,0.0,7.0,1.0,2024-10-01 10:57:56,2025-01-16 19:11:40,0.0,0.0,107.0,0.07,114.0,0.07,Low,0,0
5450921,0.0,0.0,0.0,0.0,0.0,0.0,10.0,1.0,2024-10-01 11:21:08,2025-01-16 18:56:28,0.0,0.0,107.0,0.09,117.0,0.09,Low,0,0
5454941,0.0,0.0,0.0,0.0,0.0,0.0,8.0,1.0,2024-10-01 11:44:31,2025-01-12 23:32:10,0.0,0.0,103.0,0.08,111.0,0.08,Low,0,0
5458114,0.0,0.0,0.0,0.0,0.0,0.0,28.0,1.0,2024-10-01 12:01:43,2025-01-14 22:41:11,0.0,0.0,105.0,0.27,133.0,0.27,Low,0,0
5614031,0.0,0.0,0.0,0.0,0.0,0.0,13.0,1.0,2024-10-01 23:08:38,2025-01-06 13:48:59,0.0,0.0,96.0,0.14,109.0,0.14,Low,0,0
5685054,0.0,0.0,0.0,0.0,0.0,0.0,39.0,1.0,2024-10-02 13:14:49,2025-01-18 22:00:57,0.0,0.0,108.0,0.36,147.0,0.36,Low,0,0
5694930,0.0,0.0,0.0,0.0,0.0,0.0,27.0,1.0,2024-10-02 13:44:56,2025-01-16 15:27:58,0.0,0.0,106.0,0.25,133.0,0.25,Low,0,0
5795534,0.0,0.0,0.0,0.0,0.0,0.0,38.0,1.0,2024-10-02 23:07:13,2025-01-14 21:53:43,0.0,0.0,103.0,0.37,141.0,0.37,Low,0,0
5827686,0.0,0.0,0.0,0.0,0.0,0.0,12.0,1.0,2024-10-03 09:17:10,2025-01-19 20:28:26,0.0,0.0,108.0,0.11,120.0,0.11,Low,0,0
5857361,0.0,0.0,0.0,0.0,0.0,0.0,34.0,1.0,2024-10-03 11:44:07,2025-01-19 21:14:30,0.0,0.0,108.0,0.31,142.0,0.31,Low,0,0
5983781,0.0,0.0,0.0,0.0,0.0,0.0,23.0,1.0,2024-10-03 23:21:17,2025-01-19 19:48:53,0.0,0.0,107.0,0.21,130.0,0.21,Low,0,0
6126839,0.0,0.0,0.0,0.0,0.0,0.0,11.0,1.0,2024-10-04 20:30:08,2025-01-14 21:19:31,0.0,0.0,102.0,0.11,113.0,0.11,Low,0,0
6154453,0.0,0.0,0.0,0.0,0.0,0.0,35.0,1.0,2024-10-04 23:14:12,2025-01-19 20:30:51,0.0,0.0,106.0,0.33,141.0,0.33,Low,0,0
6156198,0.0,0.0,0.0,0.0,0.0,0.0,35.0,1.0,2024-10-04 23:21:28,2025-01-18 22:40:49,0.0,0.0,105.0,0.33,140.0,0.33,Low,0,0
6164292,0.0,0.0,0.0,0.0,0.0,0.0,15.0,1.0,2024-10-05 00:47:39,2025-01-07 18:43:30,0.0,0.0,94.0,0.16,109.0,0.16,Low,0,0
6186420,0.0,0.0,0.0,0.0,0.0,0.0,27.0,1.0,2024-10-05 11:08:09,2025-01-14 22:31:59,0.0,0.0,101.0,0.27,128.0,0.27,Low,0,0
6187435,0.0,0.0,0.0,0.0,0.0,0.0,9.0,1.0,2024-10-05 11:25:06,2025-01-14 22:41:18,0.0,0.0,101.0,0.09,110.0,0.09,Low,0,0
6195971,0.0,0.0,0.0,0.0,0.0,0.0,16.0,1.0,2024-10-05 13:38:50,2025-01-19 20:16:04,0.0,0.0,106.0,0.15,122.0,0.15,Low,0,0
6210489,0.0,0.0,0.0,0.0,0.0,0.0,26.0,1.0,2024-10-05 16:42:03,2025-01-19 23:24:29,0.0,0.0,106.0,0.25,132.0,0.25,Low,0,0
6231620,0.0,0.0,0.0,0.0,0.0,0.0,37.0,1.0,2024-10-05 20:20:24,2025-01-18 22:05:45,0.0,0.0,105.0,0.35,142.0,0.35,Low,0,0
6233621,0.0,0.0,0.0,0.0,0.0,0.0,28.0,1.0,2024-10-05 20:33:07,2025-01-07 22:47:24,0.0,0.0,94.0,0.3,122.0,0.3,Low,0,0
6255679,0.0,0.0,0.0,0.0,0.0,0.0,46.0,1.0,2024-10-06 00:33:50,2025-01-19 04:34:16,0.0,0.0,105.0,0.44,151.0,0.44,Low,0,0
6264011,0.0,0.0,0.0,0.0,0.0,0.0,23.0,1.0,2024-10-06 09:42:53,2025-01-19 23:34:14,0.0,0.0,105.0,0.22,128.0,0.22,Low,0,0
6292327,0.0,0.0,0.0,0.0,0.0,0.0,31.0,1.0,2024-10-06 15:14:29,2025-01-19 20:51:11,0.0,0.0,105.0,0.3,136.0,0.3,Low,0,0
6296442,0.0,0.0,0.0,0.0,0.0,0.0,26.0,1.0,2024-10-06 15:58:17,2025-01-19 19:29:36,0.0,0.0,105.0,0.25,131.0,0.25,Low,0,0
6296628,0.0,0.0,0.0,0.0,0.0,0.0,27.0,1.0,2024-10-06 16:00:01,2025-01-08 02:13:20,0.0,0.0,93.0,0.29,120.0,0.29,Low,0,0
6303773,0.0,0.0,0.0,0.0,0.0,0.0,27.0,1.0,2024-10-06 17:29:41,2025-01-19 22:51:51,0.0,0.0,105.0,0.26,132.0,0.26,Low,0,0
6307583,0.0,0.0,0.0,0.0,0.0,0.0,41.0,1.0,2024-10-06 18:12:46,2025-01-08 02:21:53,0.0,0.0,93.0,0.44,134.0,0.44,Low,0,0
6311643,0.0,0.0,0.0,0.0,0.0,0.0,11.0,1.0,2024-10-06 18:51:37,2024-11-16 12:15:19,0.0,0.0,40.0,0.28,51.0,0.28,Low,0,0
6311866,0.0,0.0,0.0,0.0,0.0,0.0,6.0,1.0,2024-10-06 18:52:28,2024-11-16 16:56:18,0.0,0.0,40.0,0.15,46.0,0.15,Low,0,0
6315308,0.0,0.0,0.0,0.0,0.0,0.0,31.0,1.0,2024-10-06 19:23:38,2025-01-18 23:57:05,0.0,0.0,104.0,0.3,135.0,0.3,Low,0,0
6321298,0.0,0.0,0.0,0.0,0.0,0.0,31.0,1.0,2024-10-06 19:50:34,2025-01-07 22:42:37,0.0,0.0,93.0,0.33,124.0,0.33,Low,0,0
6334592,0.0,0.0,0.0,0.0,0.0,0.0,12.0,1.0,2024-10-06 20:35:37,2025-01-06 21:33:19,0.0,0.0,92.0,0.13,104.0,0.13,Low,0,0
6335351,0.0,0.0,0.0,0.0,0.0,0.0,24.0,1.0,2024-10-06 20:37:04,2025-01-18 21:51:30,0.0,0.0,104.0,0.23,128.0,0.23,Low,0,0
6343930,0.0,0.0,0.0,0.0,0.0,0.0,33.0,1.0,2024-10-06 21:13:23,2025-01-07 22:53:15,0.0,0.0,93.0,0.35,126.0,0.35,Low,0,0
6344320,0.0,0.0,0.0,0.0,0.0,0.0,25.0,1.0,2024-10-06 21:16:12,2025-01-08 02:25:34,0.0,0.0,93.0,0.27,118.0,0.27,Low,0,0
6347114,0.0,0.0,0.0,0.0,0.0,0.0,25.0,1.0,2024-10-06 21:33:18,2025-01-18 00:18:55,0.0,0.0,103.0,0.24,128.0,0.24,Low,0,0
6347770,0.0,0.0,0.0,0.0,0.0,0.0,13.0,1.0,2024-10-06 21:36:57,2024-12-11 15:33:51,0.0,0.0,65.0,0.2,78.0,0.2,Low,0,0
6348549,0.0,0.0,0.0,0.0,0.0,0.0,32.0,1.0,2024-10-06 21:41:34,2025-01-18 22:06:38,0.0,0.0,104.0,0.31,136.0,0.31,Low,0,0
6352014,0.0,0.0,0.0,0.0,0.0,0.0,7.0,1.0,2024-10-06 22:01:09,2025-01-14 21:19:32,0.0,0.0,99.0,0.07,106.0,0.07,Low,0,0
6354108,0.0,0.0,0.0,0.0,0.0,0.0,34.0,1.0,2024-10-06 22:10:52,2025-01-14 20:03:35,0.0,0.0,99.0,0.34,133.0,0.34,Low,0,0
6356383,0.0,0.0,0.0,0.0,0.0,0.0,36.0,1.0,2024-10-06 22:20:29,2025-01-19 21:24:56,0.0,0.0,104.0,0.35,140.0,0.35,Low,0,0
6360934,0.0,0.0,0.0,0.0,0.0,0.0,8.0,1.0,2024-10-06 22:42:22,2025-01-14 21:19:32,0.0,0.0,99.0,0.08,107.0,0.08,Low,0,0
6361087,0.0,0.0,0.0,0.0,0.0,0.0,23.0,1.0,2024-10-06 22:42:24,2025-01-14 22:33:28,0.0,0.0,99.0,0.23,122.0,0.23,Low,0,0
6361874,0.0,0.0,0.0,0.0,0.0,0.0,43.0,1.0,2024-10-06 22:49:38,2025-01-19 21:33:42,0.0,0.0,104.0,0.41,147.0,0.41,Low,0,0
6364686,0.0,0.0,0.0,0.0,0.0,0.0,15.0,1.0,2024-10-06 23:04:13,2025-01-09 13:22:19,0.0,0.0,94.0,0.16,109.0,0.16,Low,0,0
6366234,0.0,0.0,0.0,0.0,0.0,0.0,25.0,1.0,2024-10-06 23:19:01,2025-01-07 22:40:53,0.0,0.0,92.0,0.27,117.0,0.27,Low,0,0
6368809,0.0,0.0,0.0,0.0,0.0,0.0,3.0,1.0,2024-10-06 23:40:56,2024-10-12 22:53:40,0.0,0.0,5.0,0.6,8.0,0.6,Low,0,0
6370861,0.0,0.0,0.0,0.0,0.0,0.0,2.0,1.0,2024-10-06 23:59:04,2024-10-12 22:51:52,0.0,0.0,5.0,0.4,7.0,0.4,Low,0,0
6375655,0.0,0.0,0.0,0.0,0.0,0.0,16.0,1.0,2024-10-07 01:26:22,2025-01-14 22:43:35,0.0,0.0,99.0,0.16,115.0,0.16,Low,0,0
6380456,0.0,0.0,0.0,0.0,0.0,0.0,18.0,1.0,2024-10-07 06:26:37,2024-11-13 21:10:17,0.0,0.0,37.0,0.49,55.0,0.49,Low,0,0
6420410,0.0,0.0,0.0,0.0,0.0,0.0,22.0,1.0,2024-10-07 10:28:09,2025-01-19 18:16:10,0.0,0.0,104.0,0.21,126.0,0.21,Low,0,0
6471727,0.0,0.0,0.0,0.0,0.0,0.0,6.0,1.0,2024-10-07 15:33:38,2025-01-14 22:11:15,0.0,0.0,99.0,0.06,105.0,0.06,Low,0,0
6526981,0.0,0.0,0.0,0.0,0.0,0.0,35.0,1.0,2024-10-07 20:08:49,2025-01-19 22:26:33,0.0,0.0,104.0,0.34,139.0,0.34,Low,0,0
6550592,0.0,0.0,0.0,0.0,0.0,0.0,8.0,1.0,2024-10-07 21:54:05,2025-01-14 21:19:32,0.0,0.0,98.0,0.08,106.0,0.08,Low,0,0
6554240,0.0,0.0,0.0,0.0,0.0,0.0,24.0,1.0,2024-10-07 22:20:43,2025-01-19 23:28:30,0.0,0.0,104.0,0.23,128.0,0.23,Low,0,0
6560724,0.0,0.0,0.0,0.0,0.0,0.0,13.0,1.0,2024-10-07 23:07:15,2025-01-14 22:08:39,0.0,0.0,98.0,0.13,111.0,0.13,Low,0,0
6562312,0.0,0.0,0.0,0.0,0.0,0.0,8.0,1.0,2024-10-07 23:18:51,2025-01-14 21:19:32,0.0,0.0,98.0,0.08,106.0,0.08,Low,0,0
6562978,0.0,0.0,0.0,0.0,0.0,0.0,11.0,1.0,2024-10-07 23:21:56,2025-01-14 21:53:49,0.0,0.0,98.0,0.11,109.0,0.11,Low,0,0
6565713,0.0,0.0,0.0,0.0,0.0,0.0,24.0,1.0,2024-10-07 23:39:58,2025-01-14 21:44:29,0.0,0.0,98.0,0.24,122.0,0.24,Low,0,0
6568633,0.0,0.0,0.0,0.0,0.0,0.0,4.0,1.0,2024-10-07 23:59:05,2025-01-14 22:39:48,0.0,0.0,98.0,0.04,102.0,0.04,Low,0,0
6571508,0.0,0.0,0.0,0.0,0.0,0.0,5.0,1.0,2024-10-08 01:15:32,2025-01-14 21:19:32,0.0,0.0,98.0,0.05,103.0,0.05,Low,0,0
6834600,0.0,0.0,0.0,0.0,0.0,0.0,14.0,1.0,2024-10-09 21:48:49,2025-01-19 19:51:15,0.0,0.0,101.0,0.14,115.0,0.14,Low,0,0
7071597,0.0,0.0,0.0,0.0,0.0,0.0,21.0,1.0,2024-10-11 15:59:47,2025-01-18 22:06:31,0.0,0.0,99.0,0.21,120.0,0.21,Low,0,0
7153561,0.0,0.0,0.0,0.0,0.0,0.0,25.0,1.0,2024-10-12 11:20:40,2025-01-18 22:06:01,0.0,0.0,98.0,0.26,123.0,0.26,Low,0,0
7235256,0.0,0.0,0.0,0.0,0.0,0.0,6.0,1.0,2024-10-13 06:00:25,2024-10-14 07:00:03,0.0,0.0,1.0,6.0,7.0,6.0,Low,0,0
7255912,0.0,0.0,0.0,0.0,0.0,0.0,13.0,1.0,2024-10-13 13:25:44,2025-01-14 21:31:51,0.0,0.0,93.0,0.14,106.0,0.14,Low,0,0
7343248,0.0,0.0,0.0,0.0,0.0,0.0,30.0,1.0,2024-10-13 23:08:44,2025-01-19 14:16:34,0.0,0.0,97.0,0.31,127.0,0.31,Low,0,0
7352550,0.0,0.0,0.0,0.0,0.0,0.0,5.0,1.0,2024-10-13 23:54:30,2025-01-14 22:42:17,0.0,0.0,92.0,0.05,97.0,0.05,Low,0,0
7355639,0.0,0.0,0.0,0.0,0.0,0.0,15.0,1.0,2024-10-14 00:39:48,2025-01-14 21:19:31,0.0,0.0,92.0,0.16,107.0,0.16,Low,0,0
7459715,0.0,0.0,0.0,0.0,0.0,0.0,3.0,1.0,2024-10-14 22:01:59,2024-10-15 23:23:51,0.0,0.0,1.0,3.0,4.0,3.0,Low,0,0
8318059,0.0,0.0,0.0,0.0,0.0,0.0,5.0,1.0,2024-11-11 23:16:06,2025-01-14 21:19:32,0.0,0.0,63.0,0.08,68.0,0.08,Low,0,0
8824532,0.0,0.0,0.0,0.0,0.0,0.0,5.0,1.0,2024-11-03 22:12:09,2024-12-30 22:42:07,0.0,0.0,57.0,0.09,62.0,0.09,Low,0,0
8830476,0.0,0.0,0.0,0.0,0.0,0.0,15.0,1.0,2024-11-03 23:56:26,2025-01-18 21:53:15,0.0,0.0,75.0,0.2,90.0,0.2,Low,0,0
8994198,0.0,0.0,0.0,0.0,0.0,0.0,4.0,1.0,2024-11-20 19:18:07,2024-12-18 13:15:01,0.0,0.0,27.0,0.15,31.0,0.15,Low,0,0
8994199,0.0,0.0,0.0,0.0,0.0,0.0,4.0,1.0,2024-11-20 19:18:21,2024-12-18 13:16:06,0.0,0.0,27.0,0.15,31.0,0.15,Low,0,0
8994204,0.0,0.0,0.0,0.0,0.0,0.0,4.0,1.0,2024-11-20 19:18:07,2024-12-18 13:15:01,0.0,0.0,27.0,0.15,31.0,0.15,Low,0,0
8994205,0.0,0.0,0.0,0.0,0.0,0.0,4.0,1.0,2024-11-20 19:18:21,2024-12-18 13:16:06,0.0,0.0,27.0,0.15,31.0,0.15,Low,0,0
8994210,0.0,0.0,0.0,0.0,0.0,0.0,4.0,1.0,2024-11-20 19:18:07,2024-12-18 13:15:01,0.0,0.0,27.0,0.15,31.0,0.15,Low,0,0
8994211,0.0,0.0,0.0,0.0,0.0,0.0,4.0,1.0,2024-11-20 19:18:21,2024-12-18 13:16:06,0.0,0.0,27.0,0.15,31.0,0.15,Low,0,0
8994222,0.0,0.0,0.0,0.0,0.0,0.0,4.0,1.0,2024-11-20 19:18:07,2024-12-18 13:15:01,0.0,0.0,27.0,0.15,31.0,0.15,Low,0,0
8994223,0.0,0.0,0.0,0.0,0.0,0.0,4.0,1.0,2024-11-20 19:18:21,2024-12-18 13:16:06,0.0,0.0,27.0,0.15,31.0,0.15,Low,0,0
8994228,0.0,0.0,0.0,0.0,0.0,0.0,4.0,1.0,2024-11-20 19:18:07,2024-12-18 13:15:01,0.0,0.0,27.0,0.15,31.0,0.15,Low,0,0
8994229,0.0,0.0,0.0,0.0,0.0,0.0,4.0,1.0,2024-11-20 19:18:21,2024-12-18 13:16:06,0.0,0.0,27.0,0.15,31.0,0.15,Low,0,0
8994234,0.0,0.0,0.0,0.0,0.0,0.0,4.0,1.0,2024-11-20 19:18:07,2024-12-18 13:15:01,0.0,0.0,27.0,0.15,31.0,0.15,Low,0,0
8994235,0.0,0.0,0.0,0.0,0.0,0.0,4.0,1.0,2024-11-20 19:18:21,2024-12-18 13:16:06,0.0,0.0,27.0,0.15,31.0,0.15,Low,0,0
8994240,0.0,0.0,0.0,0.0,0.0,0.0,4.0,1.0,2024-11-20 19:18:07,2024-12-18 13:15:01,0.0,0.0,27.0,0.15,31.0,0.15,Low,0,0
8994241,0.0,0.0,0.0,0.0,0.0,0.0,4.0,1.0,2024-11-20 19:18:21,2024-12-18 13:16:06,0.0,0.0,27.0,0.15,31.0,0.15,Low,0,0
8994246,0.0,0.0,0.0,0.0,0.0,0.0,4.0,1.0,2024-11-20 19:18:07,2024-12-18 13:15:01,0.0,0.0,27.0,0.15,31.0,0.15,Low,0,0
8994247,0.0,0.0,0.0,0.0,0.0,0.0,4.0,1.0,2024-11-20 19:18:21,2024-12-18 13:16:06,0.0,0.0,27.0,0.15,31.0,0.15,Low,0,0
8994252,0.0,0.0,0.0,0.0,0.0,0.0,4.0,1.0,2024-11-20 19:18:07,2024-12-18 13:15:01,0.0,0.0,27.0,0.15,31.0,0.15,Low,0,0
8994253,0.0,0.0,0.0,0.0,0.0,0.0,4.0,1.0,2024-11-20 19:18:21,2024-12-18 13:16:06,0.0,0.0,27.0,0.15,31.0,0.15,Low,0,0
8994258,0.0,0.0,0.0,0.0,0.0,0.0,4.0,1.0,2024-11-20 19:18:07,2024-12-18 13:15:01,0.0,0.0,27.0,0.15,31.0,0.15,Low,0,0
8994259,0.0,0.0,0.0,0.0,0.0,0.0,4.0,1.0,2024-11-20 19:18:21,2024-12-18 13:16:06,0.0,0.0,27.0,0.15,31.0,0.15,Low,0,0
8994270,0.0,0.0,0.0,0.0,0.0,0.0,4.0,1.0,2024-11-20 19:18:07,2024-12-18 13:15:01,0.0,0.0,27.0,0.15,31.0,0.15,Low,0,0
8994271,0.0,0.0,0.0,0.0,0.0,0.0,4.0,1.0,2024-11-20 19:18:21,2024-12-18 13:16:06,0.0,0.0,27.0,0.15,31.0,0.15,Low,0,0
8994282,0.0,0.0,0.0,0.0,0.0,0.0,4.0,1.0,2024-11-20 19:18:07,2024-12-18 13:15:01,0.0,0.0,27.0,0.15,31.0,0.15,Low,0,0
8994283,0.0,0.0,0.0,0.0,0.0,0.0,4.0,1.0,2024-11-20 19:18:21,2024-12-18 13:16:06,0.0,0.0,27.0,0.15,31.0,0.15,Low,0,0
8994288,0.0,0.0,0.0,0.0,0.0,0.0,4.0,1.0,2024-11-20 19:18:07,2024-12-18 13:15:01,0.0,0.0,27.0,0.15,31.0,0.15,Low,0,0
8994289,0.0,0.0,0.0,0.0,0.0,0.0,4.0,1.0,2024-11-20 19:18:21,2024-12-18 13:16:06,0.0,0.0,27.0,0.15,31.0,0.15,Low,0,0
8994294,0.0,0.0,0.0,0.0,0.0,0.0,4.0,1.0,2024-11-20 19:18:07,2024-12-18 13:15:01,0.0,0.0,27.0,0.15,31.0,0.15,Low,0,0
8994295,0.0,0.0,0.0,0.0,0.0,0.0,4.0,1.0,2024-11-20 19:18:21,2024-12-18 13:16:06,0.0,0.0,27.0,0.15,31.0,0.15,Low,0,0
8994300,0.0,0.0,0.0,0.0,0.0,0.0,4.0,1.0,2024-11-20 19:18:07,2024-12-18 13:15:01,0.0,0.0,27.0,0.15,31.0,0.15,Low,0,0
8994301,0.0,0.0,0.0,0.0,0.0,0.0,4.0,1.0,2024-11-20 19:18:21,2024-12-18 13:16:07,0.0,0.0,27.0,0.15,31.0,0.15,Low,0,0
8994306,0.0,0.0,0.0,0.0,0.0,0.0,4.0,1.0,2024-11-20 19:18:07,2024-12-18 13:15:01,0.0,0.0,27.0,0.15,31.0,0.15,Low,0,0
8994307,0.0,0.0,0.0,0.0,0.0,0.0,4.0,1.0,2024-11-20 19:18:21,2024-12-18 13:16:07,0.0,0.0,27.0,0.15,31.0,0.15,Low,0,0
8994312,0.0,0.0,0.0,0.0,0.0,0.0,4.0,1.0,2024-11-20 19:18:07,2024-12-18 13:15:01,0.0,0.0,27.0,0.15,31.0,0.15,Low,0,0
8994313,0.0,0.0,0.0,0.0,0.0,0.0,4.0,1.0,2024-11-20 19:18:21,2024-12-18 13:16:07,0.0,0.0,27.0,0.15,31.0,0.15,Low,0,0
8994318,0.0,0.0,0.0,0.0,0.0,0.0,4.0,1.0,2024-11-20 19:18:07,2024-12-18 13:15:01,0.0,0.0,27.0,0.15,31.0,0.15,Low,0,0
8994319,0.0,0.0,0.0,0.0,0.0,0.0,4.0,1.0,2024-11-20 19:18:21,2024-12-18 13:16:07,0.0,0.0,27.0,0.15,31.0,0.15,Low,0,0
8994324,0.0,0.0,0.0,0.0,0.0,0.0,4.0,1.0,2024-11-20 19:18:07,2024-12-18 13:15:01,0.0,0.0,27.0,0.15,31.0,0.15,Low,0,0
8994325,0.0,0.0,0.0,0.0,0.0,0.0,4.0,1.0,2024-11-20 19:18:21,2024-12-18 13:16:07,0.0,0.0,27.0,0.15,31.0,0.15,Low,0,0
8994330,0.0,0.0,0.0,0.0,0.0,0.0,4.0,1.0,2024-11-20 19:18:07,2024-12-18 13:15:01,0.0,0.0,27.0,0.15,31.0,0.15,Low,0,0
8994331,0.0,0.0,0.0,0.0,0.0,0.0,4.0,1.0,2024-11-20 19:18:21,2024-12-18 13:16:07,0.0,0.0,27.0,0.15,31.0,0.15,Low,0,0
8994336,0.0,0.0,0.0,0.0,0.0,0.0,1.0,1.0,2024-12-18 13:15:01,2024-12-18 13:15:01,0.0,0.0,0.0,1.0,1.0,1.0,Low,0,0
8994337,0.0,0.0,0.0,0.0,0.0,0.0,1.0,1.0,2024-12-18 13:16:07,2024-12-18 13:16:07,0.0,0.0,0.0,1.0,1.0,1.0,Low,0,0
8994342,0.0,0.0,0.0,0.0,0.0,0.0,4.0,1.0,2024-11-20 19:18:07,2024-12-18 13:15:01,0.0,0.0,27.0,0.15,31.0,0.15,Low,0,0
8994343,0.0,0.0,0.0,0.0,0.0,0.0,4.0,1.0,2024-11-20 19:18:21,2024-12-18 13:16:07,0.0,0.0,27.0,0.15,31.0,0.15,Low,0,0
8994354,0.0,0.0,0.0,0.0,0.0,0.0,4.0,1.0,2024-11-20 19:18:08,2024-12-18 13:15:01,0.0,0.0,27.0,0.15,31.0,0.15,Low,0,0
8994355,0.0,0.0,0.0,0.0,0.0,0.0,4.0,1.0,2024-11-20 19:18:21,2024-12-18 13:16:07,0.0,0.0,27.0,0.15,31.0,0.15,Low,0,0
8994360,0.0,0.0,0.0,0.0,0.0,0.0,4.0,1.0,2024-11-20 19:18:08,2024-12-18 13:15:01,0.0,0.0,27.0,0.15,31.0,0.15,Low,0,0
8994361,0.0,0.0,0.0,0.0,0.0,0.0,4.0,1.0,2024-11-20 19:18:21,2024-12-18 13:16:07,0.0,0.0,27.0,0.15,31.0,0.15,Low,0,0
8994372,0.0,0.0,0.0,0.0,0.0,0.0,4.0,1.0,2024-11-20 19:18:08,2024-12-18 13:15:01,0.0,0.0,27.0,0.15,31.0,0.15,Low,0,0
8994373,0.0,0.0,0.0,0.0,0.0,0.0,4.0,1.0,2024-11-20 19:18:21,2024-12-18 13:16:07,0.0,0.0,27.0,0.15,31.0,0.15,Low,0,0
8994384,0.0,0.0,0.0,0.0,0.0,0.0,4.0,1.0,2024-11-20 19:18:08,2024-12-18 13:15:01,0.0,0.0,27.0,0.15,31.0,0.15,Low,0,0
8994385,0.0,0.0,0.0,0.0,0.0,0.0,4.0,1.0,2024-11-20 19:18:21,2024-12-18 13:16:07,0.0,0.0,27.0,0.15,31.0,0.15,Low,0,0
8994390,0.0,0.0,0.0,0.0,0.0,0.0,4.0,1.0,2024-11-20 19:18:08,2024-12-18 13:15:01,0.0,0.0,27.0,0.15,31.0,0.15,Low,0,0
8994391,0.0,0.0,0.0,0.0,0.0,0.0,4.0,1.0,2024-11-20 19:18:21,2024-12-18 13:16:07,0.0,0.0,27.0,0.15,31.0,0.15,Low,0,0
8994396,0.0,0.0,0.0,0.0,0.0,0.0,1.0,1.0,2024-12-18 13:15:01,2024-12-18 13:15:01,0.0,0.0,0.0,1.0,1.0,1.0,Low,0,0
8994397,0.0,0.0,0.0,0.0,0.0,0.0,1.0,1.0,2024-12-18 13:16:07,2024-12-18 13:16:07,0.0,0.0,0.0,1.0,1.0,1.0,Low,0,0
8994402,0.0,0.0,0.0,0.0,0.0,0.0,4.0,1.0,2024-11-20 19:18:08,2024-12-18 13:15:02,0.0,0.0,27.0,0.15,31.0,0.15,Low,0,0
8994403,0.0,0.0,0.0,0.0,0.0,0.0,4.0,1.0,2024-11-20 19:18:22,2024-12-18 13:16:07,0.0,0.0,27.0,0.15,31.0,0.15,Low,0,0
9437848,0.0,0.0,0.0,0.0,0.0,0.0,16.0,1.0,2024-11-09 04:46:35,2025-01-13 18:42:48,0.0,0.0,65.0,0.25,81.0,0.25,Low,0,0
9484280,0.0,0.0,0.0,0.0,0.0,0.0,2.0,1.0,2024-11-09 23:34:11,2024-11-12 00:01:37,0.0,0.0,2.0,1.0,4.0,1.0,Low,0,0
9530138,0.0,0.0,0.0,0.0,0.0,0.0,7.0,1.0,2024-11-10 21:04:39,2025-01-14 21:19:31,0.0,0.0,65.0,0.11,72.0,0.11,Low,0,0
9642441,0.0,0.0,0.0,0.0,0.0,0.0,4.0,1.0,2024-11-13 23:19:22,2024-11-13 23:39:43,0.0,0.0,0.0,4.0,4.0,4.0,Low,0,0
9692917,0.0,0.0,0.0,0.0,0.0,0.0,2.0,1.0,2024-11-13 18:08:05,2024-11-29 19:49:45,0.0,0.0,16.0,0.12,18.0,0.12,Low,0,0
9693079,0.0,0.0,0.0,0.0,0.0,0.0,1.0,1.0,2024-12-18 13:16:07,2024-12-18 13:16:07,0.0,0.0,0.0,1.0,1.0,1.0,Low,0,0
9699225,0.0,0.0,0.0,0.0,0.0,0.0,12.0,1.0,2024-11-13 20:48:19,2025-01-14 23:58:37,0.0,0.0,62.0,0.19,74.0,0.19,Low,0,0
9707002,0.0,0.0,0.0,0.0,0.0,0.0,1.0,1.0,2024-11-13 14:53:46,2024-11-13 14:53:46,0.0,0.0,0.0,1.0,1.0,1.0,Low,0,0
9709671,0.0,0.0,0.0,0.0,0.0,0.0,1.0,1.0,2024-11-13 16:04:24,2024-11-13 16:04:24,0.0,0.0,0.0,1.0,1.0,1.0,Low,0,0
9709960,0.0,0.0,0.0,0.0,0.0,0.0,1.0,1.0,2024-11-13 16:12:15,2024-11-13 16:12:15,0.0,0.0,0.0,1.0,1.0,1.0,Low,0,0
9711631,0.0,0.0,0.0,0.0,0.0,0.0,1.0,1.0,2024-11-13 16:54:48,2024-11-13 16:54:48,0.0,0.0,0.0,1.0,1.0,1.0,Low,0,0
9711832,0.0,0.0,0.0,0.0,0.0,0.0,6.0,1.0,2024-11-13 16:55:51,2025-01-14 22:43:53,0.0,0.0,62.0,0.1,68.0,0.1,Low,0,0
9733223,0.0,0.0,0.0,0.0,0.0,0.0,4.0,1.0,2025-01-13 19:29:48,2025-01-14 08:30:12,0.0,0.0,0.0,4.0,4.0,4.0,Low,0,0
11939344,0.0,0.0,0.0,0.0,0.0,0.0,1.0,1.0,2025-01-14 20:46:00,2025-01-14 20:46:00,0.0,0.0,0.0,1.0,1.0,1.0,Low,0,0
11939648,0.0,0.0,0.0,0.0,0.0,0.0,1.0,1.0,2025-01-14 20:46:47,2025-01-14 20:46:47,0.0,0.0,0.0,1.0,1.0,1.0,Low,0,0
11939820,0.0,0.0,0.0,0.0,0.0,0.0,1.0,1.0,2025-01-14 20:47:06,2025-01-14 20:47:06,0.0,0.0,0.0,1.0,1.0,1.0,Low,0,0
11939992,0.0,0.0,0.0,0.0,0.0,0.0,1.0,1.0,2025-01-14 20:50:47,2025-01-14 20:50:47,0.0,0.0,0.0,1.0,1.0,1.0,Low,0,0
